StateCode,Datetime,Demand,ISGS,ImportData
ASM,2025-11-01 06:10:32,"1,183",248,935
DNH,2025-11-01 06:10:32,886,,886
AP,2025-11-01 06:10:30,"8,229","4,594","3,635"
ACP,2025-11-01 06:10:30,132,,132
BHR,2025-11-01 06:10:33,"3,744",452,"3,292"
CHG,2025-11-01 06:10:33,143,,143
DL,2025-11-01 06:10:33,"3,060",91,"2,969"
DND,2025-11-01 06:10:34,334,,334
GOA,2025-11-01 06:10:34,433,,433
HRN,2025-11-01 06:10:35,"6,369",911,"5,458"
GJT,2025-11-01 06:10:35,"13,458","5,709","7,749"
KRT,2025-11-01 06:10:35,"8,219","5,561","2,658"
CTG,2025-11-01 06:10:36,"4,093","1,861","2,232"
HP,2025-11-01 06:10:36,"1,109",380,729
JHK,2025-11-01 06:10:36,"1,447",409,"1,038"
MPD,2025-11-01 06:10:37,"8,754","4,018","4,736"
KRL,2025-11-01 06:10:37,"3,315","1,247","2,068"
MHA,2025-11-01 06:10:36,"20,362","13,366","6,996"
MIP,2025-11-01 06:10:37,160,,160
MZM,2025-11-01 06:10:38,77,,77
PU,2025-11-01 06:10:38,321,,321
JAK,2025-11-01 06:10:38,"2,231",258,"1,973"
NGD,2025-11-01 06:10:40,55,,55
MGA,2025-11-01 06:10:40,161,79,82
PNB,2025-11-01 06:10:40,"6,153","2,881","3,272"
TND,2025-11-01 06:10:40,"14,264","4,344","9,920"
RJ,2025-11-01 06:10:40,"11,285","6,942","4,343"
TLG,2025-11-01 06:10:41,"7,505","3,941","3,564"
ODI,2025-11-01 06:10:40,"4,443","3,260","1,183"
SKM,2025-11-01 06:10:41,42,,42
TPA,2025-11-01 06:10:41,209,69,140
UP,2025-11-01 06:10:41,"14,071","8,632","5,439"
UTK,2025-11-01 06:10:41,"1,745",779,966
BGL,2025-11-01 06:10:41,"6,767","5,741","1,026"
CTG,2025-11-01 07:20:49,"4,384","2,044","2,340"
BHR,2025-11-01 07:20:48,"4,057",462,"3,595"
AP,2025-11-01 07:20:46,"8,412","4,990","3,422"
GOA,2025-11-01 07:20:49,466,,466
CHG,2025-11-01 07:20:48,175,,175
ASM,2025-11-01 07:20:47,"1,252",262,990
ACP,2025-11-01 07:20:48,117,,117
DNH,2025-11-01 07:20:49,880,,880
GJT,2025-11-01 07:20:50,"14,407","5,582","8,825"
DL,2025-11-01 07:20:50,"3,433",91,"3,342"
DND,2025-11-01 07:20:51,338,,338
HRN,2025-11-01 07:20:51,"6,046",911,"5,135"
KRT,2025-11-01 07:20:51,"9,531","7,101","2,430"
KRL,2025-11-01 07:20:52,"3,194","1,180","2,014"
JAK,2025-11-01 07:20:52,"2,438",256,"2,182"
MHA,2025-11-01 07:20:52,"20,759","13,640","7,119"
JHK,2025-11-01 07:20:52,"1,601",409,"1,192"
HP,2025-11-01 07:20:52,"1,598",621,977
MIP,2025-11-01 07:20:53,160,,160
MGA,2025-11-01 07:20:54,161,79,82
MPD,2025-11-01 07:20:54,"10,300","4,018","6,282"
PU,2025-11-01 07:20:54,366,,366
SKM,2025-11-01 07:20:54,62,,62
MZM,2025-11-01 07:20:54,94,,94
NGD,2025-11-01 07:20:55,55,,55
TND,2025-11-01 07:20:55,"15,648","5,559","10,089"
ODI,2025-11-01 07:20:55,"4,831","3,260","1,571"
PNB,2025-11-01 07:20:55,"6,731","3,219","3,512"
RJ,2025-11-01 07:20:55,"12,925","7,154","5,771"
TLG,2025-11-01 07:20:56,"8,680","4,174","4,506"
BGL,2025-11-01 07:20:56,"7,064","5,638","1,426"
TPA,2025-11-01 07:20:56,227,70,157
UP,2025-11-01 07:20:56,"11,101","9,190","1,911"
UTK,2025-11-01 07:20:56,"2,057",650,"1,407"
BHR,2025-11-01 08:17:49,"4,052",387,"3,665"
ASM,2025-11-01 08:17:49,"1,338",312,"1,026"
AP,2025-11-01 08:17:49,"8,084","5,475","2,609"
ACP,2025-11-01 08:17:49,128,,128
CHG,2025-11-01 08:17:51,177,,177
DNH,2025-11-01 08:17:51,874,,874
DND,2025-11-01 08:17:52,332,,332
DL,2025-11-01 08:17:52,"3,478",91,"3,387"
CTG,2025-11-01 08:17:52,"4,056","1,995","2,061"
GJT,2025-11-01 08:17:52,"14,792","6,874","7,918"
JAK,2025-11-01 08:17:52,"2,521",255,"2,266"
HRN,2025-11-01 08:17:52,"6,467","1,101","5,366"
GOA,2025-11-01 08:17:52,479,,479
KRT,2025-11-01 08:17:53,"9,576","6,734","2,842"
HP,2025-11-01 08:17:54,"1,552",677,875
JHK,2025-11-01 08:17:54,"1,608",409,"1,199"
KRL,2025-11-01 08:17:54,"3,026","1,228","1,798"
NGD,2025-11-01 08:17:55,55,,55
MIP,2025-11-01 08:17:55,160,,160
MPD,2025-11-01 08:17:55,"11,238","4,018","7,220"
MZM,2025-11-01 08:17:55,97,,97
PU,2025-11-01 08:17:56,366,,366
MGA,2025-11-01 08:17:56,161,79,82
ODI,2025-11-01 08:17:56,"4,747","3,260","1,487"
MHA,2025-11-01 08:17:56,"20,520","13,093","7,427"
RJ,2025-11-01 08:17:57,"12,891","8,169","4,722"
TND,2025-11-01 08:17:57,"15,482","8,174","7,308"
SKM,2025-11-01 08:17:57,58,,58
PNB,2025-11-01 08:17:57,"6,642","2,737","3,905"
TLG,2025-11-01 08:17:57,"8,051","5,001","3,050"
UP,2025-11-01 08:17:58,"12,690","8,621","4,069"
UTK,2025-11-01 08:17:58,"2,011",572,"1,439"
BGL,2025-11-01 08:17:58,"7,376","5,560","1,816"
TPA,2025-11-01 08:17:58,241,71,170
ASM,2025-11-01 09:02:40,"1,356",317,"1,039"
ACP,2025-11-01 09:02:39,123,,123
BHR,2025-11-01 09:02:40,"4,036",428,"3,608"
DNH,2025-11-01 09:02:40,892,,892
AP,2025-11-01 09:02:39,"8,022","5,371","2,651"
DL,2025-11-01 09:02:42,"3,516",91,"3,425"
GJT,2025-11-01 09:02:42,"15,327","7,928","7,399"
CHG,2025-11-01 09:02:42,175,,175
HRN,2025-11-01 09:02:43,"7,236","1,086","6,150"
GOA,2025-11-01 09:02:42,515,,515
DND,2025-11-01 09:02:43,355,,355
JAK,2025-11-01 09:02:43,"2,452",256,"2,196"
HP,2025-11-01 09:02:44,"1,487",604,883
CTG,2025-11-01 09:02:44,"4,090","2,072","2,018"
KRL,2025-11-01 09:02:44,"2,899","1,262","1,637"
MHA,2025-11-01 09:02:45,"20,256","13,006","7,250"
MPD,2025-11-01 09:02:45,"11,131","4,018","7,113"
KRT,2025-11-01 09:02:47,"10,129","7,097","3,032"
MIP,2025-11-01 09:02:47,160,,160
MZM,2025-11-01 09:02:47,90,,90
ODI,2025-11-01 09:02:48,"5,083","3,260","1,823"
PNB,2025-11-01 09:02:48,"7,050","2,505","4,545"
PU,2025-11-01 09:02:48,355,,355
RJ,2025-11-01 09:02:48,"12,384","9,000","3,384"
MGA,2025-11-01 09:02:47,161,79,82
NGD,2025-11-01 09:02:47,55,,55
JHK,2025-11-01 09:02:48,"1,567",409,"1,158"
SKM,2025-11-01 09:02:49,64,,64
TPA,2025-11-01 09:02:49,243,70,173
TND,2025-11-01 09:02:49,"15,792","9,237","6,555"
UP,2025-11-01 09:02:49,"14,341","9,519","4,822"
BGL,2025-11-01 09:02:49,"7,718","5,583","2,135"
TLG,2025-11-01 09:02:50,"7,763","5,075","2,688"
UTK,2025-11-01 09:02:50,"1,934",568,"1,366"
ASM,2025-11-01 09:51:11,"1,400",309,"1,091"
CTG,2025-11-01 09:51:12,"4,059","2,070","1,989"
AP,2025-11-01 09:51:10,"8,060","5,787","2,273"
CHG,2025-11-01 09:51:12,167,,167
DNH,2025-11-01 09:51:12,894,,894
BHR,2025-11-01 09:51:12,"3,886",435,"3,451"
DL,2025-11-01 09:51:12,"3,840",92,"3,748"
ACP,2025-11-01 09:51:10,107,,107
GOA,2025-11-01 09:51:13,528,,528
GJT,2025-11-01 09:51:13,"15,756","8,859","6,897"
DND,2025-11-01 09:51:14,361,,361
JHK,2025-11-01 09:51:14,"1,540",409,"1,131"
MPD,2025-11-01 09:51:14,"11,074","4,018","7,056"
HP,2025-11-01 09:51:14,"1,455",573,882
KRL,2025-11-01 09:51:15,"2,931","1,196","1,735"
HRN,2025-11-01 09:51:16,"7,605","1,115","6,490"
KRT,2025-11-01 09:51:16,"11,214","8,135","3,079"
JAK,2025-11-01 09:51:16,"2,371",255,"2,116"
MGA,2025-11-01 09:51:17,161,79,82
MHA,2025-11-01 09:51:17,"20,429","13,291","7,138"
MIP,2025-11-01 09:51:17,144,,144
ODI,2025-11-01 09:51:18,"5,324","3,260","2,064"
PU,2025-11-01 09:51:18,361,,361
TLG,2025-11-01 09:51:19,"7,692","5,141","2,551"
RJ,2025-11-01 09:51:19,"13,376","9,420","3,956"
PNB,2025-11-01 09:51:18,"7,408","2,445","4,963"
SKM,2025-11-01 09:51:18,70,,70
MZM,2025-11-01 09:51:19,80,,80
TND,2025-11-01 09:51:19,"15,849","10,432","5,417"
NGD,2025-11-01 09:51:19,100,,100
TPA,2025-11-01 09:51:19,244,71,173
UP,2025-11-01 09:51:19,"15,411","10,247","5,164"
UTK,2025-11-01 09:51:19,"1,872",514,"1,358"
BGL,2025-11-01 09:51:19,"8,025","5,363","2,662"
AP,2025-11-01 10:50:49,"8,173","5,993","2,180"
CHG,2025-11-01 10:50:49,167,,167
ACP,2025-11-01 10:50:48,142,,142
ASM,2025-11-01 10:50:48,"1,387",332,"1,055"
CTG,2025-11-01 10:50:49,"4,152","2,084","2,068"
DNH,2025-11-01 10:50:50,883,,883
BHR,2025-11-01 10:50:50,"3,632",302,"3,330"
DND,2025-11-01 10:50:51,361,,361
GJT,2025-11-01 10:50:51,"15,545","9,326","6,219"
DL,2025-11-01 10:50:50,"4,020",92,"3,928"
JHK,2025-11-01 10:50:52,"1,519",409,"1,110"
HRN,2025-11-01 10:50:52,"7,482","1,129","6,353"
JAK,2025-11-01 10:50:52,"2,435",256,"2,179"
KRT,2025-11-01 10:50:53,"10,917","8,548","2,369"
KRL,2025-11-01 10:50:53,"2,896","1,308","1,588"
GOA,2025-11-01 10:50:53,559,,559
HP,2025-11-01 10:50:53,"1,411",550,861
MIP,2025-11-01 10:50:54,137,,137
MHA,2025-11-01 10:50:54,"20,337","13,561","6,776"
MPD,2025-11-01 10:50:54,"10,351","4,018","6,333"
MGA,2025-11-01 10:50:54,161,79,82
NGD,2025-11-01 10:50:55,104,,104
MZM,2025-11-01 10:50:55,88,,88
PNB,2025-11-01 10:50:55,"7,420","2,386","5,034"
ODI,2025-11-01 10:50:56,"5,382","3,260","2,122"
PU,2025-11-01 10:50:56,372,,372
UP,2025-11-01 10:50:56,"15,533","9,795","5,738"
RJ,2025-11-01 10:50:57,"12,661","10,063","2,598"
TLG,2025-11-01 10:50:57,"7,591","5,170","2,421"
UTK,2025-11-01 10:50:57,"1,645",440,"1,205"
TPA,2025-11-01 10:50:57,233,71,162
BGL,2025-11-01 10:50:57,"8,332","4,995","3,337"
SKM,2025-11-01 10:50:57,65,,65
TND,2025-11-01 10:50:57,"15,748","10,705","5,043"
ASM,2025-11-01 11:51:54,"1,354",328,"1,026"
AP,2025-11-01 11:51:54,"8,356","6,073","2,283"
ACP,2025-11-01 11:51:53,142,,142
BHR,2025-11-01 11:51:55,"3,565",267,"3,298"
CTG,2025-11-01 11:51:56,"4,007","2,016","1,991"
DNH,2025-11-01 11:51:56,877,,877
GOA,2025-11-01 11:51:56,566,,566
DND,2025-11-01 11:51:56,362,,362
DL,2025-11-01 11:51:57,"4,076",92,"3,984"
CHG,2025-11-01 11:51:57,163,,163
GJT,2025-11-01 11:51:57,"15,465","9,303","6,162"
JAK,2025-11-01 11:51:57,"2,357",256,"2,101"
HP,2025-11-01 11:51:58,"1,406",375,"1,031"
JHK,2025-11-01 11:51:58,"1,518",409,"1,109"
KRL,2025-11-01 11:51:59,"2,931","1,325","1,606"
KRT,2025-11-01 11:51:59,"10,671","8,503","2,168"
MGA,2025-11-01 11:51:59,161,79,82
MHA,2025-11-01 11:51:59,"20,253","13,687","6,566"
MPD,2025-11-01 11:52:00,"10,092","4,018","6,074"
MIP,2025-11-01 11:52:00,115,,115
HRN,2025-11-01 11:52:00,"7,534","1,103","6,431"
MZM,2025-11-01 11:52:00,89,,89
PNB,2025-11-01 11:52:01,"7,712","2,453","5,259"
NGD,2025-11-01 11:52:01,100,,100
ODI,2025-11-01 11:52:01,"5,423","3,260","2,163"
TND,2025-11-01 11:52:02,"15,761","10,457","5,304"
RJ,2025-11-01 11:52:02,"12,512","10,750","1,762"
SKM,2025-11-01 11:52:02,63,,63
PU,2025-11-01 11:52:02,375,,375
TLG,2025-11-01 11:52:02,"7,691","5,081","2,610"
UTK,2025-11-01 11:52:03,"1,579",458,"1,121"
TPA,2025-11-01 11:52:03,230,70,160
BGL,2025-11-01 11:52:03,"8,675","4,634","4,041"
UP,2025-11-01 11:52:03,"13,873","10,349","3,524"
ASM,2025-11-01 12:50:30,"1,379",320,"1,059"
AP,2025-11-01 12:50:30,"8,295","5,733","2,562"
BHR,2025-11-01 12:50:31,"3,515",311,"3,204"
ACP,2025-11-01 12:50:30,108,,108
CTG,2025-11-01 12:50:31,"3,862","1,952","1,910"
CHG,2025-11-01 12:50:31,163,,163
DND,2025-11-01 12:50:32,356,,356
DL,2025-11-01 12:50:32,"4,010",92,"3,918"
GJT,2025-11-01 12:50:33,"14,480","9,679","4,801"
GOA,2025-11-01 12:50:33,554,,554
HRN,2025-11-01 12:50:33,"7,617","1,113","6,504"
DNH,2025-11-01 12:50:34,881,,881
KRT,2025-11-01 12:50:34,"10,703","8,181","2,522"
HP,2025-11-01 12:50:34,"1,355",347,"1,008"
JAK,2025-11-01 12:50:34,"2,206",218,"1,988"
JHK,2025-11-01 12:50:35,"1,412",409,"1,003"
MIP,2025-11-01 12:50:35,119,,119
MPD,2025-11-01 12:50:35,"9,347","4,018","5,329"
KRL,2025-11-01 12:50:35,"2,926","1,122","1,804"
MHA,2025-11-01 12:50:36,"19,789","13,384","6,405"
MGA,2025-11-01 12:50:36,161,79,82
NGD,2025-11-01 12:50:37,111,,111
PNB,2025-11-01 12:50:37,"7,540","2,431","5,109"
PU,2025-11-01 12:50:37,375,,375
RJ,2025-11-01 12:50:37,"12,526","10,648","1,878"
SKM,2025-11-01 12:50:37,53,,53
ODI,2025-11-01 12:50:38,"5,310","3,260","2,050"
MZM,2025-11-01 12:50:38,92,,92
TLG,2025-11-01 12:50:38,"7,685","5,033","2,652"
TPA,2025-11-01 12:50:38,241,70,171
BGL,2025-11-01 12:50:39,"8,809","4,615","4,194"
UP,2025-11-01 12:50:39,"13,892","10,000","3,892"
TND,2025-11-01 12:50:39,"15,531","10,117","5,414"
UTK,2025-11-01 12:50:39,"1,476",478,998
BHR,2025-11-01 13:51:30,"3,431",273,"3,158"
ASM,2025-11-01 13:51:28,"1,352",269,"1,083"
ACP,2025-11-01 13:51:28,105,,105
CHG,2025-11-01 13:51:30,162,,162
AP,2025-11-01 13:51:29,"8,161","5,349","2,812"
CTG,2025-11-01 13:51:30,"3,648","1,889","1,759"
DNH,2025-11-01 13:51:30,891,,891
GJT,2025-11-01 13:51:31,"14,331","8,803","5,528"
DND,2025-11-01 13:51:31,360,,360
GOA,2025-11-01 13:51:31,521,,521
DL,2025-11-01 13:51:32,"3,827",92,"3,735"
HP,2025-11-01 13:51:32,"1,345",294,"1,051"
HRN,2025-11-01 13:51:32,"7,354","1,128","6,226"
MGA,2025-11-01 13:51:33,161,79,82
JHK,2025-11-01 13:51:33,"1,349",409,940
KRL,2025-11-01 13:51:34,"2,970","1,339","1,631"
JAK,2025-11-01 13:51:34,"2,320",305,"2,015"
MZM,2025-11-01 13:51:34,86,,86
MPD,2025-11-01 13:51:34,"9,231","4,018","5,213"
KRT,2025-11-01 13:51:34,"10,716","8,110","2,606"
MIP,2025-11-01 13:51:34,119,,119
NGD,2025-11-01 13:51:35,110,,110
MHA,2025-11-01 13:51:35,"19,151","12,739","6,412"
ODI,2025-11-01 13:51:35,"5,319","3,260","2,059"
PNB,2025-11-01 13:51:36,"6,937","2,426","4,511"
PU,2025-11-01 13:51:37,382,,382
RJ,2025-11-01 13:51:37,"12,226","10,392","1,834"
TND,2025-11-01 13:51:37,"15,072","9,712","5,360"
TLG,2025-11-01 13:51:37,"7,419","4,849","2,570"
BGL,2025-11-01 13:51:37,"8,770","4,702","4,068"
UTK,2025-11-01 13:51:37,"1,483",487,996
SKM,2025-11-01 13:51:37,56,,56
UP,2025-11-01 13:51:37,"13,714","9,070","4,644"
TPA,2025-11-01 13:51:38,244,71,173
CTG,2025-11-01 14:50:51,"3,703","1,831","1,872"
AP,2025-11-01 14:50:49,"8,449","5,355","3,094"
CHG,2025-11-01 14:50:51,163,,163
ACP,2025-11-01 14:50:49,122,,122
ASM,2025-11-01 14:50:51,"1,384",257,"1,127"
BHR,2025-11-01 14:50:51,"3,523",270,"3,253"
DNH,2025-11-01 14:50:52,911,,911
DL,2025-11-01 14:50:52,"3,869",92,"3,777"
GJT,2025-11-01 14:50:53,"15,376","8,718","6,658"
GOA,2025-11-01 14:50:53,518,,518
DND,2025-11-01 14:50:53,369,,369
HRN,2025-11-01 14:50:54,"7,647","1,116","6,531"
KRL,2025-11-01 14:50:54,"3,274","1,377","1,897"
JAK,2025-11-01 14:50:54,"2,274",306,"1,968"
JHK,2025-11-01 14:50:55,"1,348",409,939
MPD,2025-11-01 14:50:55,"9,706","4,018","5,688"
MHA,2025-11-01 14:50:55,"19,821","13,977","5,844"
KRT,2025-11-01 14:50:55,"10,828","8,283","2,545"
HP,2025-11-01 14:50:55,"1,380",328,"1,052"
MIP,2025-11-01 14:50:56,132,,132
NGD,2025-11-01 14:50:56,122,,122
MZM,2025-11-01 14:50:56,106,,106
MGA,2025-11-01 14:50:57,161,79,82
ODI,2025-11-01 14:50:57,"5,447","3,260","2,187"
PNB,2025-11-01 14:50:58,"6,988","2,381","4,607"
TPA,2025-11-01 14:50:58,241,70,171
TND,2025-11-01 14:50:58,"15,789","8,947","6,842"
SKM,2025-11-01 14:50:58,56,,56
RJ,2025-11-01 14:50:58,"12,511","9,503","3,008"
BGL,2025-11-01 14:50:58,"8,811","4,719","4,092"
UP,2025-11-01 14:50:59,"13,393","9,491","3,902"
UTK,2025-11-01 14:50:59,"1,613",530,"1,083"
PU,2025-11-01 14:50:59,377,,377
TLG,2025-11-01 14:50:59,"7,761","4,781","2,980"
BHR,2025-11-01 15:50:51,"3,735",355,"3,380"
DNH,2025-11-01 15:50:52,909,,909
CTG,2025-11-01 15:50:50,"3,873","1,773","2,100"
ACP,2025-11-01 15:50:50,142,,142
AP,2025-11-01 15:50:52,"8,132","5,454","2,678"
ASM,2025-11-01 15:50:52,"1,425",255,"1,170"
CHG,2025-11-01 15:50:52,172,,172
DND,2025-11-01 15:50:52,365,,365
GOA,2025-11-01 15:50:53,519,,519
DL,2025-11-01 15:50:53,"3,799",91,"3,708"
HP,2025-11-01 15:50:54,"1,406",432,974
GJT,2025-11-01 15:50:54,"15,908","7,963","7,945"
JAK,2025-11-01 15:50:55,"2,287",306,"1,981"
JHK,2025-11-01 15:50:55,"1,324",409,915
HRN,2025-11-01 15:50:55,"7,423","1,129","6,294"
KRL,2025-11-01 15:50:55,"3,547","1,439","2,108"
MHA,2025-11-01 15:50:56,"20,725","12,480","8,245"
MZM,2025-11-01 15:50:56,122,,122
MIP,2025-11-01 15:50:56,156,,156
KRT,2025-11-01 15:50:56,"11,055","8,218","2,837"
MPD,2025-11-01 15:50:57,"10,037","4,018","6,019"
NGD,2025-11-01 15:50:57,139,,139
MGA,2025-11-01 15:50:56,161,79,82
PU,2025-11-01 15:50:58,390,,390
ODI,2025-11-01 15:50:58,"5,001","3,260","1,741"
SKM,2025-11-01 15:50:58,57,,57
PNB,2025-11-01 15:50:58,"6,999","2,392","4,607"
TLG,2025-11-01 15:50:59,"7,637","4,391","3,246"
TPA,2025-11-01 15:50:59,248,72,176
RJ,2025-11-01 15:50:59,"12,788","9,008","3,780"
TND,2025-11-01 15:50:59,"16,131","8,286","7,845"
UTK,2025-11-01 15:50:59,"1,726",530,"1,196"
BGL,2025-11-01 15:50:59,"8,599","4,992","3,607"
UP,2025-11-01 15:50:59,"12,202","8,842","3,360"
ACP,2025-11-01 16:49:41,119,,119
DND,2025-11-01 16:49:43,374,,374
BHR,2025-11-01 16:49:43,"4,172",445,"3,727"
CHG,2025-11-01 16:49:42,178,,178
ASM,2025-11-01 16:49:42,"1,633",258,"1,375"
AP,2025-11-01 16:49:42,"8,085","4,817","3,268"
CTG,2025-11-01 16:49:43,"4,079","2,035","2,044"
DNH,2025-11-01 16:49:43,931,,931
DL,2025-11-01 16:49:44,"3,805",91,"3,714"
GOA,2025-11-01 16:49:45,499,,499
JHK,2025-11-01 16:49:45,"1,532",409,"1,123"
GJT,2025-11-01 16:49:45,"16,814","6,253","10,561"
HRN,2025-11-01 16:49:46,"6,747","1,302","5,445"
KRL,2025-11-01 16:49:46,"3,757","1,535","2,222"
HP,2025-11-01 16:49:46,"1,405",461,944
JAK,2025-11-01 16:49:46,"2,402",305,"2,097"
MZM,2025-11-01 16:49:47,137,,137
KRT,2025-11-01 16:49:47,"10,228","7,234","2,994"
MHA,2025-11-01 16:49:47,"21,903","13,273","8,630"
MPD,2025-11-01 16:49:48,"10,169","4,018","6,151"
MGA,2025-11-01 16:49:48,161,79,82
PNB,2025-11-01 16:49:49,"7,075","3,000","4,075"
NGD,2025-11-01 16:49:49,142,,142
PU,2025-11-01 16:49:49,390,,390
SKM,2025-11-01 16:49:49,63,,63
ODI,2025-11-01 16:49:49,"4,929","3,260","1,669"
RJ,2025-11-01 16:49:49,"12,185","8,470","3,715"
MIP,2025-11-01 16:49:49,196,,196
TLG,2025-11-01 16:49:50,"7,703","4,150","3,553"
TND,2025-11-01 16:49:50,"16,915","6,643","10,272"
TPA,2025-11-01 16:49:50,272,71,201
UTK,2025-11-01 16:49:50,"1,901",618,"1,283"
UP,2025-11-01 16:49:51,"12,818","9,830","2,988"
BGL,2025-11-01 16:49:51,"8,670","6,090","2,580"
CTG,2025-11-01 17:52:49,"4,511","2,096","2,415"
ACP,2025-11-01 17:52:49,143,,143
CHG,2025-11-01 17:52:49,202,,202
BHR,2025-11-01 17:52:49,"4,936",458,"4,478"
ASM,2025-11-01 17:52:47,"1,682",257,"1,425"
DND,2025-11-01 17:52:49,377,,377
DNH,2025-11-01 17:52:50,938,,938
GOA,2025-11-01 17:52:50,485,,485
AP,2025-11-01 17:52:47,"8,750","4,712","4,038"
DL,2025-11-01 17:52:52,"4,024",91,"3,933"
HP,2025-11-01 17:52:52,"1,321",692,629
HRN,2025-11-01 17:52:52,"7,535","1,716","5,819"
JHK,2025-11-01 17:52:52,"1,765",409,"1,356"
JAK,2025-11-01 17:52:52,"2,298",306,"1,992"
MHA,2025-11-01 17:52:53,"22,765","16,237","6,528"
GJT,2025-11-01 17:52:53,"17,160","5,574","11,586"
KRT,2025-11-01 17:52:53,"10,358","7,606","2,752"
KRL,2025-11-01 17:52:54,"3,905","1,542","2,363"
MPD,2025-11-01 17:52:54,"10,534","4,018","6,516"
MIP,2025-11-01 17:52:55,205,,205
MZM,2025-11-01 17:52:55,129,,129
MGA,2025-11-01 17:52:56,161,79,82
PU,2025-11-01 17:52:56,426,,426
ODI,2025-11-01 17:52:57,,,
RJ,2025-11-01 17:52:57,"12,022","7,599","4,423"
NGD,2025-11-01 17:52:57,136,,136
PNB,2025-11-01 17:52:57,"7,342","3,800","3,542"
SKM,2025-11-01 17:52:57,70,,70
TPA,2025-11-01 17:52:58,308,72,236
TLG,2025-11-01 17:52:58,"7,813","3,863","3,950"
TND,2025-11-01 17:52:58,"17,040","5,705","11,335"
UP,2025-11-01 17:52:58,"16,331","11,831","4,500"
UTK,2025-11-01 17:52:58,"2,076",924,"1,152"
BGL,2025-11-01 17:52:59,"9,215","6,660","2,555"
CTG,2025-11-01 18:51:50,"4,333","1,963","2,370"
ACP,2025-11-01 18:51:49,144,,144
ASM,2025-11-01 18:51:49,"1,633",261,"1,372"
BHR,2025-11-01 18:51:50,"4,931",452,"4,479"
CHG,2025-11-01 18:51:51,210,,210
AP,2025-11-01 18:51:49,"9,146","4,826","4,320"
DND,2025-11-01 18:51:52,328,,328
DNH,2025-11-01 18:51:52,935,,935
GOA,2025-11-01 18:51:52,554,,554
JAK,2025-11-01 18:51:52,"2,450",418,"2,032"
DL,2025-11-01 18:51:53,"4,031",91,"3,940"
HP,2025-11-01 18:51:53,"1,397",672,725
HRN,2025-11-01 18:51:53,"7,640","1,785","5,855"
JHK,2025-11-01 18:51:54,"1,578",409,"1,169"
MHA,2025-11-01 18:51:54,"24,493","17,538","6,955"
KRT,2025-11-01 18:51:54,"9,465","6,758","2,707"
KRL,2025-11-01 18:51:55,"4,327","1,550","2,777"
GJT,2025-11-01 18:51:55,"17,090","5,701","11,389"
MGA,2025-11-01 18:51:56,161,79,82
MPD,2025-11-01 18:51:56,"10,306","4,018","6,288"
MIP,2025-11-01 18:51:56,191,,191
NGD,2025-11-01 18:51:56,113,,113
RJ,2025-11-01 18:51:57,"11,734","7,463","4,271"
PU,2025-11-01 18:51:57,444,,444
PNB,2025-11-01 18:51:57,"7,032","3,761","3,271"
SKM,2025-11-01 18:51:57,61,,61
ODI,2025-11-01 18:51:57,"5,183","3,260","1,923"
MZM,2025-11-01 18:51:57,121,,121
TND,2025-11-01 18:51:58,"16,854","5,597","11,257"
TLG,2025-11-01 18:51:58,"7,957","3,866","4,091"
TPA,2025-11-01 18:51:58,299,70,229
UP,2025-11-01 18:51:58,"17,777","12,138","5,639"
BGL,2025-11-01 18:51:58,"9,062","6,709","2,353"
UTK,2025-11-01 18:51:58,"2,050",925,"1,125"
CTG,2025-11-01 19:50:27,"4,184","2,090","2,094"
DNH,2025-11-01 19:50:27,900,,900
AP,2025-11-01 19:50:25,"9,019","4,831","4,188"
BHR,2025-11-01 19:50:26,"4,733",394,"4,339"
CHG,2025-11-01 19:50:27,199,,199
ACP,2025-11-01 19:50:25,136,,136
ASM,2025-11-01 19:50:27,"1,601",260,"1,341"
DL,2025-11-01 19:50:27,"3,867",91,"3,776"
GJT,2025-11-01 19:50:28,"15,910","5,670","10,240"
GOA,2025-11-01 19:50:28,543,,543
DND,2025-11-01 19:50:29,340,,340
HP,2025-11-01 19:50:30,"1,338",597,741
KRT,2025-11-01 19:50:30,"8,821","6,060","2,761"
JAK,2025-11-01 19:50:31,"2,642",577,"2,065"
MPD,2025-11-01 19:50:31,"9,052","4,018","5,034"
KRL,2025-11-01 19:50:31,"4,286","1,533","2,753"
HRN,2025-11-01 19:50:31,"7,012","1,749","5,263"
MHA,2025-11-01 19:50:31,"23,345","16,171","7,174"
MZM,2025-11-01 19:50:31,115,,115
JHK,2025-11-01 19:50:32,"1,616",409,"1,207"
MIP,2025-11-01 19:50:32,161,,161
NGD,2025-11-01 19:50:33,104,,104
ODI,2025-11-01 19:50:33,"5,290","3,260","2,030"
MGA,2025-11-01 19:50:33,161,79,82
PNB,2025-11-01 19:50:33,"6,669","3,342","3,327"
TLG,2025-11-01 19:50:34,"7,905","3,815","4,090"
SKM,2025-11-01 19:50:34,51,,51
PU,2025-11-01 19:50:34,411,,411
TND,2025-11-01 19:50:34,"16,451","4,673","11,778"
UP,2025-11-01 19:50:35,"18,168","11,964","6,204"
RJ,2025-11-01 19:50:35,"10,808","7,599","3,209"
UTK,2025-11-01 19:50:35,"1,965",743,"1,222"
TPA,2025-11-01 19:50:35,293,71,222
BGL,2025-11-01 19:50:35,"8,882","6,792","2,090"
ACP,2025-11-01 20:50:18,132,,132
AP,2025-11-01 20:50:17,"9,032","4,844","4,188"
ASM,2025-11-01 20:50:19,"1,545",260,"1,285"
DL,2025-11-01 20:50:19,"3,489",91,"3,398"
BHR,2025-11-01 20:50:19,"4,574",425,"4,149"
DNH,2025-11-01 20:50:19,896,,896
DND,2025-11-01 20:50:20,336,,336
CTG,2025-11-01 20:50:20,"3,979","2,030","1,949"
CHG,2025-11-01 20:50:19,180,,180
GJT,2025-11-01 20:50:21,"15,111","5,191","9,920"
GOA,2025-11-01 20:50:21,537,,537
HP,2025-11-01 20:50:22,"1,237",574,663
MPD,2025-11-01 20:50:22,"8,779","4,018","4,761"
JAK,2025-11-01 20:50:23,"2,529",420,"2,109"
MHA,2025-11-01 20:50:23,"22,011","14,825","7,186"
KRL,2025-11-01 20:50:23,"4,136","1,544","2,592"
JHK,2025-11-01 20:50:24,"1,532",409,"1,123"
HRN,2025-11-01 20:50:24,"6,715","1,280","5,435"
KRT,2025-11-01 20:50:24,"8,609","6,744","1,865"
ODI,2025-11-01 20:50:24,"4,981","3,260","1,721"
PU,2025-11-01 20:50:25,419,,419
PNB,2025-11-01 20:50:25,"6,032","3,260","2,772"
MIP,2025-11-01 20:50:25,133,,133
MGA,2025-11-01 20:50:25,161,79,82
NGD,2025-11-01 20:50:25,92,,92
MZM,2025-11-01 20:50:25,108,,108
RJ,2025-11-01 20:50:26,"9,949","7,385","2,564"
SKM,2025-11-01 20:50:27,43,,43
TLG,2025-11-01 20:50:27,"7,606","3,815","3,791"
UP,2025-11-01 20:50:27,"16,901","11,034","5,867"
TPA,2025-11-01 20:50:27,276,69,207
UTK,2025-11-01 20:50:27,"1,798",699,"1,099"
TND,2025-11-01 20:50:28,"16,003","4,600","11,403"
BGL,2025-11-01 20:50:28,"8,680","6,644","2,036"
CHG,2025-11-01 21:51:32,157,,157
DNH,2025-11-01 21:51:33,905,,905
AP,2025-11-01 21:51:32,"8,959","4,988","3,971"
ACP,2025-11-01 21:51:31,122,,122
BHR,2025-11-01 21:51:33,"4,439",458,"3,981"
ASM,2025-11-01 21:51:33,"1,388",309,"1,079"
DND,2025-11-01 21:51:33,335,,335
DL,2025-11-01 21:51:33,"3,258",91,"3,167"
CTG,2025-11-01 21:51:34,"3,953","2,011","1,942"
JAK,2025-11-01 21:51:35,"2,448",565,"1,883"
GJT,2025-11-01 21:51:35,"14,636","4,944","9,692"
GOA,2025-11-01 21:51:35,533,,533
HRN,2025-11-01 21:51:36,"6,805","1,092","5,713"
JHK,2025-11-01 21:51:36,"1,542",409,"1,133"
HP,2025-11-01 21:51:36,"1,197",563,634
KRL,2025-11-01 21:51:36,"4,062","1,544","2,518"
MPD,2025-11-01 21:51:36,"9,385","4,018","5,367"
MZM,2025-11-01 21:51:37,98,,98
KRT,2025-11-01 21:51:37,"8,235","6,543","1,692"
MHA,2025-11-01 21:51:37,"21,139","14,240","6,899"
MIP,2025-11-01 21:51:38,116,,116
NGD,2025-11-01 21:51:38,75,,75
MGA,2025-11-01 21:51:38,161,79,82
ODI,2025-11-01 21:51:38,"5,061","3,260","1,801"
TLG,2025-11-01 21:51:39,"7,305","3,798","3,507"
SKM,2025-11-01 21:51:40,34,,34
UP,2025-11-01 21:51:40,"16,151","10,673","5,478"
PU,2025-11-01 21:51:40,426,,426
TPA,2025-11-01 21:51:40,262,70,192
RJ,2025-11-01 21:51:40,"9,419","7,190","2,229"
TND,2025-11-01 21:51:40,"15,941","4,713","11,228"
PNB,2025-11-01 21:51:40,"5,674","3,292","2,382"
UTK,2025-11-01 21:51:41,"1,774",636,"1,138"
BGL,2025-11-01 21:51:41,"8,525","6,679","1,846"
ASM,2025-11-01 22:49:56,"1,278",309,969
BHR,2025-11-01 22:49:56,"4,211",460,"3,751"
AP,2025-11-01 22:49:57,"8,787","5,007","3,780"
CHG,2025-11-01 22:49:57,142,,142
ACP,2025-11-01 22:49:57,142,,142
CTG,2025-11-01 22:49:57,"3,957","1,998","1,959"
DND,2025-11-01 22:49:58,331,,331
DNH,2025-11-01 22:49:58,906,,906
DL,2025-11-01 22:50:00,"3,108",91,"3,017"
GJT,2025-11-01 22:50:00,"15,029","4,675","10,354"
JAK,2025-11-01 22:50:00,"2,231",353,"1,878"
GOA,2025-11-01 22:50:00,524,,524
HRN,2025-11-01 22:50:00,"6,470","1,122","5,348"
MPD,2025-11-01 22:50:00,"9,513","4,018","5,495"
KRT,2025-11-01 22:50:00,"7,975","6,128","1,847"
JHK,2025-11-01 22:50:01,"1,439",409,"1,030"
HP,2025-11-01 22:50:01,"1,099",453,646
KRL,2025-11-01 22:50:01,"4,003","1,547","2,456"
MHA,2025-11-01 22:50:01,"20,587","13,966","6,621"
ODI,2025-11-01 22:50:02,"5,136","3,260","1,876"
NGD,2025-11-01 22:50:03,66,,66
MIP,2025-11-01 22:50:03,102,,102
RJ,2025-11-01 22:50:03,"9,903","7,164","2,739"
PU,2025-11-01 22:50:03,427,,427
MZM,2025-11-01 22:50:04,81,,81
SKM,2025-11-01 22:50:04,26,,26
BGL,2025-11-01 22:50:05,"8,480","6,465","2,015"
PNB,2025-11-01 22:50:05,"5,493","3,296","2,197"
TPA,2025-11-01 22:50:05,261,71,190
UP,2025-11-01 22:50:05,"15,509","10,523","4,986"
UTK,2025-11-01 22:50:05,"1,688",652,"1,036"
TND,2025-11-01 22:50:05,"15,564","4,703","10,861"
TLG,2025-11-01 22:50:05,"6,985","3,765","3,220"
MGA,2025-11-01 22:50:05,161,79,82
ASM,2025-11-01 23:51:55,"1,157",308,849
BHR,2025-11-01 23:51:56,"4,104",465,"3,639"
CHG,2025-11-01 23:51:55,129,,129
AP,2025-11-01 23:51:54,"8,468","5,006","3,462"
CTG,2025-11-01 23:51:56,"4,034","2,017","2,017"
ACP,2025-11-01 23:51:54,142,,142
DNH,2025-11-01 23:51:56,907,,907
DL,2025-11-01 23:51:56,"2,896",91,"2,805"
DND,2025-11-01 23:51:56,331,,331
GJT,2025-11-01 23:51:58,"14,696","4,482","10,214"
GOA,2025-11-01 23:51:58,506,,506
JAK,2025-11-01 23:51:58,"1,910",355,"1,555"
JHK,2025-11-01 23:51:58,"1,412",409,"1,003"
MPD,2025-11-01 23:51:58,"9,355","4,018","5,337"
HRN,2025-11-01 23:51:59,"6,201","1,100","5,101"
HP,2025-11-01 23:52:00,"1,053",430,623
MHA,2025-11-01 23:52:00,"19,595","12,694","6,901"
KRL,2025-11-01 23:52:00,"3,613","1,454","2,159"
MIP,2025-11-01 23:52:00,90,,90
PU,2025-11-01 23:52:01,393,,393
KRT,2025-11-01 23:52:01,"7,418","5,540","1,878"
MGA,2025-11-01 23:52:02,161,79,82
MZM,2025-11-01 23:52:02,67,,67
NGD,2025-11-01 23:52:02,59,,59
ODI,2025-11-01 23:52:03,"5,022","3,260","1,762"
RJ,2025-11-01 23:52:03,"9,596","6,796","2,800"
SKM,2025-11-01 23:52:03,20,,20
TND,2025-11-01 23:52:03,"14,863","4,725","10,138"
PNB,2025-11-01 23:52:04,"5,282","2,993","2,289"
BGL,2025-11-01 23:52:04,"8,330","6,399","1,931"
TLG,2025-11-01 23:52:04,"6,623","3,689","2,934"
UP,2025-11-01 23:52:04,"14,813","10,480","4,333"
TPA,2025-11-01 23:52:04,252,69,183
UTK,2025-11-01 23:52:04,"1,604",649,955
DNH,2025-11-02 00:48:54,900,,900
ACP,2025-11-02 00:48:52,86,,86
DND,2025-11-02 00:48:55,327,,327
DL,2025-11-02 00:48:55,"2,708",91,"2,617"
BHR,2025-11-02 00:48:53,"4,064",367,"3,697"
ASM,2025-11-02 00:48:52,"1,092",310,782
CHG,2025-11-02 00:48:54,118,,118
AP,2025-11-02 00:48:54,"8,182","5,111","3,071"
CTG,2025-11-02 00:48:55,"3,975","2,023","1,952"
GOA,2025-11-02 00:48:56,491,,491
HRN,2025-11-02 00:48:56,"6,022","1,099","4,923"
GJT,2025-11-02 00:48:57,"14,364","4,477","9,887"
KRT,2025-11-02 00:48:57,"7,440","5,924","1,516"
JAK,2025-11-02 00:48:57,"1,738",354,"1,384"
JHK,2025-11-02 00:48:57,"1,385",409,976
HP,2025-11-02 00:48:57,958,424,534
MIP,2025-11-02 00:48:58,85,,85
KRL,2025-11-02 00:48:58,"3,332","1,139","2,193"
MPD,2025-11-02 00:48:58,"9,162","4,018","5,144"
MHA,2025-11-02 00:48:58,"19,268","13,122","6,146"
MGA,2025-11-02 00:48:59,161,79,82
MZM,2025-11-02 00:48:59,61,,61
PNB,2025-11-02 00:49:00,"5,134","3,233","1,901"
SKM,2025-11-02 00:49:01,18,,18
NGD,2025-11-02 00:49:01,55,,55
PU,2025-11-02 00:49:01,392,,392
TLG,2025-11-02 00:49:01,"6,491","3,677","2,814"
ODI,2025-11-02 00:49:01,"4,806","3,260","1,546"
TND,2025-11-02 00:49:01,"14,285","4,550","9,735"
RJ,2025-11-02 00:49:01,"9,287","6,333","2,954"
BGL,2025-11-02 00:49:01,"7,880","6,429","1,451"
UTK,2025-11-02 00:49:01,"1,591",522,"1,069"
TPA,2025-11-02 00:49:01,242,70,172
UP,2025-11-02 00:49:02,"14,347","9,418","4,929"
BHR,2025-11-02 01:50:54,"3,972",460,"3,512"
ACP,2025-11-02 01:50:55,142,,142
ASM,2025-11-02 01:50:53,999,310,689
DND,2025-11-02 01:50:54,328,,328
CHG,2025-11-02 01:50:54,111,,111
AP,2025-11-02 01:50:52,"8,031","5,402","2,629"
DL,2025-11-02 01:50:56,"2,558",91,"2,467"
GOA,2025-11-02 01:50:56,464,,464
DNH,2025-11-02 01:50:56,899,,899
HRN,2025-11-02 01:50:57,"5,767","1,114","4,653"
CTG,2025-11-02 01:50:57,"3,956","2,017","1,939"
JHK,2025-11-02 01:50:58,"1,286",409,877
HP,2025-11-02 01:50:58,936,366,570
MHA,2025-11-02 01:50:58,"18,788","12,527","6,261"
KRT,2025-11-02 01:50:58,"7,140","5,529","1,611"
GJT,2025-11-02 01:50:58,"14,086","4,180","9,906"
JAK,2025-11-02 01:50:59,"1,589",355,"1,234"
MIP,2025-11-02 01:51:00,80,,80
MPD,2025-11-02 01:51:00,"8,960","4,018","4,942"
PU,2025-11-02 01:51:00,362,,362
KRL,2025-11-02 01:51:00,"3,211","1,162","2,049"
MGA,2025-11-02 01:51:01,161,79,82
PNB,2025-11-02 01:51:01,"4,969","3,297","1,672"
MZM,2025-11-02 01:51:01,57,,57
NGD,2025-11-02 01:51:02,49,,49
RJ,2025-11-02 01:51:02,"9,022","6,321","2,701"
TLG,2025-11-02 01:51:02,"6,413","3,557","2,856"
SKM,2025-11-02 01:51:02,9,,9
ODI,2025-11-02 01:51:02,"4,699","3,260","1,439"
BGL,2025-11-02 01:51:03,"7,658","6,138","1,520"
UP,2025-11-02 01:51:03,"13,831","9,340","4,491"
UTK,2025-11-02 01:51:03,"1,546",525,"1,021"
TND,2025-11-02 01:51:03,"13,839","4,852","8,987"
TPA,2025-11-02 01:51:03,234,69,165
ASM,2025-11-02 02:50:09,955,308,647
CTG,2025-11-02 02:50:10,"3,818","1,989","1,829"
ACP,2025-11-02 02:50:10,91,,91
BHR,2025-11-02 02:50:09,"3,916",459,"3,457"
AP,2025-11-02 02:50:08,"7,866","5,474","2,392"
HRN,2025-11-02 02:50:11,"5,652","1,110","4,542"
CHG,2025-11-02 02:50:12,108,,108
DL,2025-11-02 02:50:12,"2,458",91,"2,367"
DND,2025-11-02 02:50:12,321,,321
HP,2025-11-02 02:50:13,993,366,627
DNH,2025-11-02 02:50:13,902,,902
GJT,2025-11-02 02:50:14,"13,870","3,830","10,040"
GOA,2025-11-02 02:50:14,454,,454
MPD,2025-11-02 02:50:14,"8,976","4,018","4,958"
JAK,2025-11-02 02:50:14,"1,561",355,"1,206"
JHK,2025-11-02 02:50:15,"1,329",409,920
KRT,2025-11-02 02:50:15,"6,909","5,372","1,537"
MZM,2025-11-02 02:50:16,54,,54
MIP,2025-11-02 02:50:16,80,,80
MHA,2025-11-02 02:50:16,"18,399","12,228","6,171"
MGA,2025-11-02 02:50:16,161,79,82
PU,2025-11-02 02:50:17,346,,346
KRL,2025-11-02 02:50:17,"3,158","1,258","1,900"
NGD,2025-11-02 02:50:17,45,,45
ODI,2025-11-02 02:50:17,"4,674","3,260","1,414"
RJ,2025-11-02 02:50:18,"8,756","6,189","2,567"
PNB,2025-11-02 02:50:18,"4,996","2,674","2,322"
SKM,2025-11-02 02:50:18,13,,13
TPA,2025-11-02 02:50:19,217,71,146
TLG,2025-11-02 02:50:19,"6,436","3,389","3,047"
UTK,2025-11-02 02:50:19,"1,521",525,996
TND,2025-11-02 02:50:19,"13,362","4,737","8,625"
UP,2025-11-02 02:50:19,"13,293","8,949","4,344"
BGL,2025-11-02 02:50:19,"7,321","6,032","1,289"
AP,2025-11-02 03:50:17,"7,701","5,143","2,558"
DL,2025-11-02 03:50:20,"2,416",91,"2,325"
DND,2025-11-02 03:50:20,322,,322
GOA,2025-11-02 03:50:20,453,,453
ASM,2025-11-02 03:50:18,888,305,583
ACP,2025-11-02 03:50:18,92,,92
CHG,2025-11-02 03:50:19,109,,109
DNH,2025-11-02 03:50:19,895,,895
BHR,2025-11-02 03:50:19,"3,794",446,"3,348"
CTG,2025-11-02 03:50:21,"3,917","2,031","1,886"
GJT,2025-11-02 03:50:21,"13,693","3,372","10,321"
HRN,2025-11-02 03:50:22,"5,597","1,110","4,487"
JAK,2025-11-02 03:50:22,"1,535",355,"1,180"
JHK,2025-11-02 03:50:22,"1,321",409,912
KRT,2025-11-02 03:50:23,"6,993","5,410","1,583"
MHA,2025-11-02 03:50:23,"18,138","12,119","6,019"
MPD,2025-11-02 03:50:23,"8,902","4,018","4,884"
MGA,2025-11-02 03:50:23,161,79,82
HP,2025-11-02 03:50:24,"1,001",386,615
ODI,2025-11-02 03:50:25,"4,569","3,260","1,309"
MIP,2025-11-02 03:50:25,79,,79
KRL,2025-11-02 03:50:25,"3,057","1,251","1,806"
NGD,2025-11-02 03:50:25,45,,45
MZM,2025-11-02 03:50:25,54,,54
RJ,2025-11-02 03:50:26,"8,462","5,979","2,483"
TND,2025-11-02 03:50:26,"13,337","4,894","8,443"
SKM,2025-11-02 03:50:26,13,,13
PU,2025-11-02 03:50:26,341,,341
PNB,2025-11-02 03:50:26,"5,118","2,354","2,764"
TLG,2025-11-02 03:50:26,"6,503","3,230","3,273"
TPA,2025-11-02 03:50:27,215,71,144
UTK,2025-11-02 03:50:27,"1,513",521,992
BGL,2025-11-02 03:50:27,"7,084","5,987","1,097"
UP,2025-11-02 03:50:27,"13,063","8,503","4,560"
AP,2025-11-02 04:50:39,"7,877","4,799","3,078"
ASM,2025-11-02 04:50:40,884,304,580
ACP,2025-11-02 04:50:40,91,,91
CHG,2025-11-02 04:50:40,112,,112
CTG,2025-11-02 04:50:41,"3,945","2,005","1,940"
DND,2025-11-02 04:50:42,321,,321
BHR,2025-11-02 04:50:42,"3,818",441,"3,377"
DL,2025-11-02 04:50:44,"2,481",91,"2,390"
HP,2025-11-02 04:50:44,"1,058",408,650
JAK,2025-11-02 04:50:44,"1,653",355,"1,298"
DNH,2025-11-02 04:50:44,880,,880
HRN,2025-11-02 04:50:44,"5,805","1,114","4,691"
GOA,2025-11-02 04:50:44,434,,434
KRT,2025-11-02 04:50:44,"7,553","5,866","1,687"
JHK,2025-11-02 04:50:44,"1,335",409,926
GJT,2025-11-02 04:50:44,"13,579","3,288","10,291"
KRL,2025-11-02 04:50:46,"3,002","1,246","1,756"
MPD,2025-11-02 04:50:46,"8,799","4,018","4,781"
MHA,2025-11-02 04:50:47,"18,801","12,899","5,902"
MZM,2025-11-02 04:50:47,54,,54
RJ,2025-11-02 04:50:47,"8,859","6,139","2,720"
SKM,2025-11-02 04:50:47,16,,16
ODI,2025-11-02 04:50:47,"4,714","3,260","1,454"
PU,2025-11-02 04:50:47,348,,348
MIP,2025-11-02 04:50:48,85,,85
NGD,2025-11-02 04:50:48,46,,46
PNB,2025-11-02 04:50:48,"5,424","2,516","2,908"
MGA,2025-11-02 04:50:48,161,79,82
TLG,2025-11-02 04:50:49,"6,919","3,491","3,428"
TND,2025-11-02 04:50:49,"13,057","4,981","8,076"
UP,2025-11-02 04:50:49,"13,545","8,915","4,630"
TPA,2025-11-02 04:50:49,207,71,136
BGL,2025-11-02 04:50:49,"6,935","5,819","1,116"
UTK,2025-11-02 04:50:49,"1,555",577,978
AP,2025-11-02 06:10:17,"8,134","5,117","3,017"
ASM,2025-11-02 06:10:17,896,311,585
ACP,2025-11-02 06:10:16,106,,106
CHG,2025-11-02 06:10:17,130,,130
CTG,2025-11-02 06:10:18,"4,105","2,099","2,006"
BHR,2025-11-02 06:10:18,"4,033",424,"3,609"
DND,2025-11-02 06:10:19,319,,319
DNH,2025-11-02 06:10:19,882,,882
GJT,2025-11-02 06:10:20,"13,727","3,783","9,944"
GOA,2025-11-02 06:10:20,420,,420
JAK,2025-11-02 06:10:20,"2,234",354,"1,880"
DL,2025-11-02 06:10:20,"2,723",91,"2,632"
JHK,2025-11-02 06:10:21,"1,465",409,"1,056"
HP,2025-11-02 06:10:21,"1,015",476,539
MHA,2025-11-02 06:10:22,"20,033","13,045","6,988"
MGA,2025-11-02 06:10:22,161,79,82
MPD,2025-11-02 06:10:22,"9,723","4,018","5,705"
MIP,2025-11-02 06:10:22,143,,143
ODI,2025-11-02 06:10:23,"4,422","3,260","1,162"
HRN,2025-11-02 06:10:22,"6,006","1,103","4,903"
MZM,2025-11-02 06:10:23,74,,74
KRT,2025-11-02 06:10:22,"8,062","5,781","2,281"
KRL,2025-11-02 06:10:22,"3,119","1,206","1,913"
PU,2025-11-02 06:10:24,339,,339
NGD,2025-11-02 06:10:24,82,,82
RJ,2025-11-02 06:10:25,"11,192","7,182","4,010"
PNB,2025-11-02 06:10:25,"5,842","3,173","2,669"
UTK,2025-11-02 06:10:25,"1,728",762,966
TND,2025-11-02 06:10:25,"13,266","4,832","8,434"
SKM,2025-11-02 06:10:25,29,,29
TPA,2025-11-02 06:10:25,186,71,115
TLG,2025-11-02 06:10:25,"7,372","3,636","3,736"
BGL,2025-11-02 06:10:26,"6,571","5,671",900
UP,2025-11-02 06:10:26,"13,937","8,605","5,332"
CHG,2025-11-02 07:20:51,155,,155
CTG,2025-11-02 07:20:52,"4,309","2,329","1,980"
DNH,2025-11-02 07:20:51,871,,871
AP,2025-11-02 07:20:51,"8,031","5,047","2,984"
ACP,2025-11-02 07:20:51,114,,114
DND,2025-11-02 07:20:53,315,,315
ASM,2025-11-02 07:20:51,"1,048",318,730
GOA,2025-11-02 07:20:53,431,,431
BHR,2025-11-02 07:20:51,"4,410",384,"4,026"
GJT,2025-11-02 07:20:53,"14,420","4,027","10,393"
DL,2025-11-02 07:20:54,"3,025",91,"2,934"
JHK,2025-11-02 07:20:54,"1,647",409,"1,238"
HRN,2025-11-02 07:20:54,"5,805","1,106","4,699"
JAK,2025-11-02 07:20:54,"2,568",354,"2,214"
HP,2025-11-02 07:20:55,"1,432",602,830
KRL,2025-11-02 07:20:56,"3,024","1,103","1,921"
KRT,2025-11-02 07:20:56,"9,590","6,697","2,893"
MGA,2025-11-02 07:20:56,161,79,82
MIP,2025-11-02 07:20:56,164,,164
MHA,2025-11-02 07:20:56,"20,266","13,152","7,114"
NGD,2025-11-02 07:20:57,107,,107
MPD,2025-11-02 07:20:57,"10,905","4,018","6,887"
MZM,2025-11-02 07:20:57,100,,100
PU,2025-11-02 07:20:58,319,,319
ODI,2025-11-02 07:20:58,"4,344","3,260","1,084"
PNB,2025-11-02 07:20:58,"6,458","2,597","3,861"
TND,2025-11-02 07:20:58,"13,595","6,275","7,320"
TLG,2025-11-02 07:20:58,"7,961","3,965","3,996"
RJ,2025-11-02 07:20:59,"12,596","7,310","5,286"
SKM,2025-11-02 07:20:59,44,,44
UP,2025-11-02 07:20:59,"12,216","7,862","4,354"
TPA,2025-11-02 07:20:59,206,63,143
BGL,2025-11-02 07:20:59,"6,712","5,571","1,141"
UTK,2025-11-02 07:20:59,"1,927",673,"1,254"
AP,2025-11-02 08:19:30,"8,170","5,710","2,460"
BHR,2025-11-02 08:19:31,"4,327",396,"3,931"
ACP,2025-11-02 08:19:31,119,,119
DNH,2025-11-02 08:19:32,858,,858
ASM,2025-11-02 08:19:33,"1,121",322,799
DL,2025-11-02 08:19:33,"3,221",91,"3,130"
JAK,2025-11-02 08:19:34,"2,594",354,"2,240"
GJT,2025-11-02 08:19:34,"14,485","4,779","9,706"
GOA,2025-11-02 08:19:35,435,,435
DND,2025-11-02 08:19:35,305,,305
CTG,2025-11-02 08:19:35,"4,054","2,208","1,846"
CHG,2025-11-02 08:19:35,166,,166
HP,2025-11-02 08:19:35,"1,596",745,851
HRN,2025-11-02 08:19:35,"5,917","1,087","4,830"
KRT,2025-11-02 08:19:35,"10,248","7,402","2,846"
MPD,2025-11-02 08:19:36,"11,319","4,018","7,301"
KRL,2025-11-02 08:19:37,"2,739","1,075","1,664"
JHK,2025-11-02 08:19:37,"1,644",409,"1,235"
MHA,2025-11-02 08:19:38,"20,141","12,709","7,432"
NGD,2025-11-02 08:19:38,90,,90
MIP,2025-11-02 08:19:38,167,,167
MZM,2025-11-02 08:19:39,100,,100
ODI,2025-11-02 08:19:39,"4,380","3,260","1,120"
PNB,2025-11-02 08:19:39,"6,336","2,316","4,020"
MGA,2025-11-02 08:19:39,161,79,82
SKM,2025-11-02 08:19:40,50,,50
RJ,2025-11-02 08:19:40,"12,454","8,266","4,188"
PU,2025-11-02 08:19:40,324,,324
TND,2025-11-02 08:19:40,"13,683","8,536","5,147"
TLG,2025-11-02 08:19:40,"7,937","4,440","3,497"
TPA,2025-11-02 08:19:41,217,68,149
BGL,2025-11-02 08:19:41,"6,574","5,348","1,226"
UP,2025-11-02 08:19:41,"12,539","8,239","4,300"
UTK,2025-11-02 08:19:41,"1,823",592,"1,231"
CTG,2025-11-02 09:04:39,"3,911","2,277","1,634"
AP,2025-11-02 09:04:37,"8,536","6,284","2,252"
ACP,2025-11-02 09:04:37,124,,124
BHR,2025-11-02 09:04:38,"4,232",393,"3,839"
ASM,2025-11-02 09:04:38,"1,159",322,837
DND,2025-11-02 09:04:40,325,,325
CHG,2025-11-02 09:04:40,161,,161
DNH,2025-11-02 09:04:40,892,,892
GJT,2025-11-02 09:04:40,"14,759","5,898","8,861"
DL,2025-11-02 09:04:41,"3,286",92,"3,194"
JAK,2025-11-02 09:04:41,"2,574",354,"2,220"
HRN,2025-11-02 09:04:41,"6,434","1,086","5,348"
GOA,2025-11-02 09:04:41,446,,446
HP,2025-11-02 09:04:42,"1,489",582,907
MHA,2025-11-02 09:04:42,"19,803","13,170","6,633"
MPD,2025-11-02 09:04:43,"11,347","4,018","7,329"
JHK,2025-11-02 09:04:43,"1,652",409,"1,243"
KRL,2025-11-02 09:04:43,"2,457","1,240","1,217"
MGA,2025-11-02 09:04:43,161,79,82
MZM,2025-11-02 09:04:43,91,,91
KRT,2025-11-02 09:04:43,"11,046","7,758","3,288"
MIP,2025-11-02 09:04:44,142,,142
NGD,2025-11-02 09:04:44,95,,95
ODI,2025-11-02 09:04:44,"4,691","3,260","1,431"
PNB,2025-11-02 09:04:44,"6,485","2,317","4,168"
PU,2025-11-02 09:04:46,288,,288
TPA,2025-11-02 09:04:46,218,70,148
RJ,2025-11-02 09:04:46,"12,251","9,529","2,722"
BGL,2025-11-02 09:04:46,"6,623","4,767","1,856"
UP,2025-11-02 09:04:46,"13,198","8,842","4,356"
TLG,2025-11-02 09:04:46,"7,964","4,258","3,706"
TND,2025-11-02 09:04:46,"13,962","9,907","4,055"
SKM,2025-11-02 09:04:47,50,,50
UTK,2025-11-02 09:04:47,"1,763",571,"1,192"
CHG,2025-11-02 09:51:40,153,,153
DNH,2025-11-02 09:51:41,905,,905
AP,2025-11-02 09:51:41,"8,468","6,614","1,854"
ACP,2025-11-02 09:51:41,142,,142
BHR,2025-11-02 09:51:41,"3,939",369,"3,570"
ASM,2025-11-02 09:51:42,"1,224",277,947
DND,2025-11-02 09:51:42,328,,328
CTG,2025-11-02 09:51:43,"3,937","2,436","1,501"
GOA,2025-11-02 09:51:43,469,,469
DL,2025-11-02 09:51:44,"3,580",92,"3,488"
JAK,2025-11-02 09:51:43,"2,560",353,"2,207"
HRN,2025-11-02 09:51:44,"6,465","1,097","5,368"
JHK,2025-11-02 09:51:45,"1,612",409,"1,203"
HP,2025-11-02 09:51:45,"1,395",588,807
KRL,2025-11-02 09:51:44,"2,387","1,158","1,229"
KRT,2025-11-02 09:51:45,"12,001","8,689","3,312"
MGA,2025-11-02 09:51:46,161,79,82
MPD,2025-11-02 09:51:47,"10,971","4,018","6,953"
GJT,2025-11-02 09:51:47,"14,769","7,202","7,567"
MZM,2025-11-02 09:51:48,82,,82
ODI,2025-11-02 09:51:48,"4,955","3,260","1,695"
MIP,2025-11-02 09:51:48,136,,136
MHA,2025-11-02 09:51:49,"19,723","13,863","5,860"
NGD,2025-11-02 09:51:49,87,,87
RJ,2025-11-02 09:51:49,"13,366","10,349","3,017"
PU,2025-11-02 09:51:49,301,,301
PNB,2025-11-02 09:51:49,"6,762","2,322","4,440"
TPA,2025-11-02 09:51:49,210,71,139
SKM,2025-11-02 09:51:50,52,,52
TND,2025-11-02 09:51:50,"13,852","10,661","3,191"
TLG,2025-11-02 09:51:50,"7,881","4,363","3,518"
BGL,2025-11-02 09:51:50,"6,675","4,573","2,102"
UP,2025-11-02 09:51:50,"13,518","9,324","4,194"
UTK,2025-11-02 09:51:51,"1,633",510,"1,123"
CHG,2025-11-02 10:50:51,151,,151
CTG,2025-11-02 10:50:52,"4,018","2,307","1,711"
AP,2025-11-02 10:50:50,"8,323","6,393","1,930"
BHR,2025-11-02 10:50:52,"3,775",225,"3,550"
ACP,2025-11-02 10:50:52,142,,142
ASM,2025-11-02 10:50:50,"1,222",274,948
GJT,2025-11-02 10:50:53,"14,336","8,428","5,908"
DND,2025-11-02 10:50:53,327,,327
GOA,2025-11-02 10:50:53,486,,486
DNH,2025-11-02 10:50:53,895,,895
DL,2025-11-02 10:50:54,"3,763",92,"3,671"
KRT,2025-11-02 10:50:54,"11,809","8,703","3,106"
JAK,2025-11-02 10:50:55,"2,528",353,"2,175"
MPD,2025-11-02 10:50:55,"10,045","4,018","6,027"
MHA,2025-11-02 10:50:55,"19,613","13,253","6,360"
HRN,2025-11-02 10:50:55,"6,335","1,102","5,233"
KRL,2025-11-02 10:50:55,"2,358",878,"1,480"
JHK,2025-11-02 10:50:55,"1,584",409,"1,175"
HP,2025-11-02 10:50:55,"1,491",538,953
NGD,2025-11-02 10:50:56,77,,77
MGA,2025-11-02 10:50:56,161,79,82
MIP,2025-11-02 10:50:57,139,,139
ODI,2025-11-02 10:50:57,"5,071","3,260","1,811"
SKM,2025-11-02 10:50:58,45,,45
TND,2025-11-02 10:50:58,"13,981","10,647","3,334"
PNB,2025-11-02 10:50:58,"6,888","2,403","4,485"
PU,2025-11-02 10:50:58,303,,303
TPA,2025-11-02 10:50:58,211,71,140
TLG,2025-11-02 10:50:59,"7,846","4,462","3,384"
MZM,2025-11-02 10:50:59,70,,70
RJ,2025-11-02 10:50:59,"12,885","10,555","2,330"
UP,2025-11-02 10:50:59,"14,183","8,943","5,240"
BGL,2025-11-02 10:50:59,"6,827","4,560","2,267"
UTK,2025-11-02 10:50:59,"1,421",510,911
AP,2025-11-02 11:52:19,"8,509","6,363","2,146"
ACP,2025-11-02 11:52:17,106,,106
BHR,2025-11-02 11:52:18,"3,571",233,"3,338"
ASM,2025-11-02 11:52:17,"1,266",274,992
CTG,2025-11-02 11:52:19,"3,925","2,188","1,737"
CHG,2025-11-02 11:52:19,147,,147
DL,2025-11-02 11:52:20,"3,759",92,"3,667"
DND,2025-11-02 11:52:20,327,,327
DNH,2025-11-02 11:52:20,914,,914
GJT,2025-11-02 11:52:21,"14,284","8,891","5,393"
JAK,2025-11-02 11:52:21,"2,370",354,"2,016"
GOA,2025-11-02 11:52:21,482,,482
HP,2025-11-02 11:52:22,"1,439",323,"1,116"
MPD,2025-11-02 11:52:22,"9,346","4,018","5,328"
JHK,2025-11-02 11:52:23,"1,518",409,"1,109"
HRN,2025-11-02 11:52:23,"6,353","1,121","5,232"
MHA,2025-11-02 11:52:23,"18,913","12,487","6,426"
MIP,2025-11-02 11:52:23,125,,125
KRT,2025-11-02 11:52:23,"11,310","8,055","3,255"
KRL,2025-11-02 11:52:23,"2,317",992,"1,325"
MGA,2025-11-02 11:52:24,161,79,82
NGD,2025-11-02 11:52:24,86,,86
ODI,2025-11-02 11:52:25,"5,338","3,260","2,078"
MZM,2025-11-02 11:52:25,75,,75
PNB,2025-11-02 11:52:26,"6,929","2,459","4,470"
PU,2025-11-02 11:52:26,313,,313
TPA,2025-11-02 11:52:26,205,71,134
SKM,2025-11-02 11:52:26,46,,46
BGL,2025-11-02 11:52:26,"6,985","4,639","2,346"
RJ,2025-11-02 11:52:26,"12,364","10,961","1,403"
UTK,2025-11-02 11:52:27,"1,362",516,846
TLG,2025-11-02 11:52:27,"7,653","4,560","3,093"
UP,2025-11-02 11:52:27,"13,720","9,394","4,326"
TND,2025-11-02 11:52:27,"13,849","10,648","3,201"
AP,2025-11-02 12:50:35,"8,522","6,377","2,145"
ACP,2025-11-02 12:50:34,109,,109
CTG,2025-11-02 12:50:36,"3,834","2,201","1,633"
CHG,2025-11-02 12:50:35,144,,144
BHR,2025-11-02 12:50:35,"3,610",265,"3,345"
ASM,2025-11-02 12:50:34,"1,273",274,999
DL,2025-11-02 12:50:37,"3,716",92,"3,624"
DNH,2025-11-02 12:50:37,897,,897
DND,2025-11-02 12:50:37,312,,312
HP,2025-11-02 12:50:38,"1,392",401,991
GOA,2025-11-02 12:50:38,480,,480
GJT,2025-11-02 12:50:39,"13,679","9,262","4,417"
JHK,2025-11-02 12:50:39,"1,427",409,"1,018"
JAK,2025-11-02 12:50:40,"2,445",353,"2,092"
KRL,2025-11-02 12:50:40,"2,348","1,052","1,296"
KRT,2025-11-02 12:50:41,"11,121","8,088","3,033"
HRN,2025-11-02 12:50:41,"6,394","1,111","5,283"
MHA,2025-11-02 12:50:41,"17,927","12,685","5,242"
MPD,2025-11-02 12:50:41,"9,310","4,018","5,292"
NGD,2025-11-02 12:50:42,92,,92
MIP,2025-11-02 12:50:42,117,,117
MGA,2025-11-02 12:50:42,161,79,82
SKM,2025-11-02 12:50:42,44,,44
MZM,2025-11-02 12:50:43,76,,76
TND,2025-11-02 12:50:43,"13,855","10,067","3,788"
UP,2025-11-02 12:50:44,"13,151","9,172","3,979"
PU,2025-11-02 12:50:43,326,,326
ODI,2025-11-02 12:50:44,"5,366","3,260","2,106"
PNB,2025-11-02 12:50:44,"6,819","2,444","4,375"
TPA,2025-11-02 12:50:44,209,73,136
RJ,2025-11-02 12:50:45,"12,206","11,005","1,201"
UTK,2025-11-02 12:50:45,"1,356",518,838
TLG,2025-11-02 12:50:45,"7,685","4,698","2,987"
BGL,2025-11-02 12:50:45,"7,262","4,638","2,624"
DNH,2025-11-02 13:51:29,906,,906
BHR,2025-11-02 13:51:28,"3,551",328,"3,223"
AP,2025-11-02 13:51:27,"8,230","6,041","2,189"
ACP,2025-11-02 13:51:28,102,,102
CHG,2025-11-02 13:51:29,140,,140
ASM,2025-11-02 13:51:30,"1,268",274,994
DND,2025-11-02 13:51:30,327,,327
CTG,2025-11-02 13:51:30,"3,572","2,083","1,489"
HP,2025-11-02 13:51:31,"1,248",347,901
DL,2025-11-02 13:51:31,"3,547",92,"3,455"
GJT,2025-11-02 13:51:31,"13,710","8,995","4,715"
JHK,2025-11-02 13:51:32,"1,348",409,939
GOA,2025-11-02 13:51:32,459,,459
KRL,2025-11-02 13:51:32,"2,424","1,071","1,353"
KRT,2025-11-02 13:51:32,"10,910","7,624","3,286"
HRN,2025-11-02 13:51:32,"6,108","1,106","5,002"
JAK,2025-11-02 13:51:32,"2,310",350,"1,960"
MHA,2025-11-02 13:51:32,"17,838","12,769","5,069"
MIP,2025-11-02 13:51:33,117,,117
MPD,2025-11-02 13:51:34,"8,955","4,018","4,937"
MZM,2025-11-02 13:51:35,76,,76
PNB,2025-11-02 13:51:35,"6,270","2,545","3,725"
MGA,2025-11-02 13:51:35,161,79,82
RJ,2025-11-02 13:51:35,"11,738","10,499","1,239"
PU,2025-11-02 13:51:35,339,,339
SKM,2025-11-02 13:51:35,37,,37
TLG,2025-11-02 13:51:36,"7,481","4,452","3,029"
TND,2025-11-02 13:51:36,"13,573","10,056","3,517"
NGD,2025-11-02 13:51:36,98,,98
ODI,2025-11-02 13:51:36,"5,303","3,260","2,043"
BGL,2025-11-02 13:51:36,"7,204","4,633","2,571"
UP,2025-11-02 13:51:36,"12,970","8,825","4,145"
TPA,2025-11-02 13:51:37,222,71,151
UTK,2025-11-02 13:51:37,"1,304",518,786
ACP,2025-11-02 14:50:48,142,,142
ASM,2025-11-02 14:50:49,"1,230",274,956
BHR,2025-11-02 14:50:50,"3,543",271,"3,272"
CHG,2025-11-02 14:50:50,139,,139
AP,2025-11-02 14:50:48,"8,498","6,206","2,292"
DND,2025-11-02 14:50:51,331,,331
GOA,2025-11-02 14:50:52,461,,461
CTG,2025-11-02 14:50:52,"3,613","2,079","1,534"
GJT,2025-11-02 14:50:52,"14,643","8,470","6,173"
DNH,2025-11-02 14:50:52,912,,912
JAK,2025-11-02 14:50:53,"2,315",354,"1,961"
HP,2025-11-02 14:50:53,"1,236",350,886
JHK,2025-11-02 14:50:54,"1,221",409,812
HRN,2025-11-02 14:50:54,"6,250","1,108","5,142"
KRL,2025-11-02 14:50:54,"2,620","1,311","1,309"
KRT,2025-11-02 14:50:54,"10,698","7,419","3,279"
MHA,2025-11-02 14:50:56,"17,721","12,562","5,159"
DL,2025-11-02 14:50:55,"3,477",92,"3,385"
MPD,2025-11-02 14:50:56,"9,503","4,018","5,485"
MZM,2025-11-02 14:50:56,90,,90
MIP,2025-11-02 14:50:57,136,,136
MGA,2025-11-02 14:50:57,161,79,82
NGD,2025-11-02 14:50:57,107,,107
SKM,2025-11-02 14:50:58,36,,36
ODI,2025-11-02 14:50:58,"5,200","3,260","1,940"
PU,2025-11-02 14:50:58,330,,330
RJ,2025-11-02 14:50:59,"12,128","10,053","2,075"
TLG,2025-11-02 14:50:59,"7,482","4,469","3,013"
PNB,2025-11-02 14:50:59,"5,909","2,583","3,326"
TND,2025-11-02 14:50:59,"14,023","9,167","4,856"
TPA,2025-11-02 14:51:00,202,71,131
UTK,2025-11-02 14:51:00,"1,393",525,868
UP,2025-11-02 14:51:00,"12,116","8,297","3,819"
BGL,2025-11-02 14:51:00,"7,022","4,606","2,416"
DL,2025-11-02 15:50:41,"3,443",91,"3,352"
DNH,2025-11-02 15:50:41,918,,918
ASM,2025-11-02 15:50:40,"1,232",274,958
BHR,2025-11-02 15:50:40,"3,642",427,"3,215"
AP,2025-11-02 15:50:39,"8,090","5,590","2,500"
CTG,2025-11-02 15:50:41,"3,690","1,984","1,706"
CHG,2025-11-02 15:50:41,145,,145
ACP,2025-11-02 15:50:40,142,,142
GJT,2025-11-02 15:50:42,"14,998","7,585","7,413"
GOA,2025-11-02 15:50:43,428,,428
KRL,2025-11-02 15:50:43,"2,881","1,390","1,491"
MPD,2025-11-02 15:50:43,"9,914","4,018","5,896"
HP,2025-11-02 15:50:44,"1,257",474,783
JHK,2025-11-02 15:50:44,"1,264",409,855
HRN,2025-11-02 15:50:44,"5,879","1,118","4,761"
JAK,2025-11-02 15:50:44,"2,410",413,"1,997"
DND,2025-11-02 15:50:44,330,,330
KRT,2025-11-02 15:50:45,"10,729","7,285","3,444"
MIP,2025-11-02 15:50:45,153,,153
MHA,2025-11-02 15:50:45,"18,472","12,084","6,388"
MGA,2025-11-02 15:50:46,161,79,82
MZM,2025-11-02 15:50:46,105,,105
PU,2025-11-02 15:50:47,345,,345
ODI,2025-11-02 15:50:47,"5,055","3,260","1,795"
SKM,2025-11-02 15:50:47,44,,44
RJ,2025-11-02 15:50:47,"12,011","9,164","2,847"
TLG,2025-11-02 15:50:48,"7,575","3,916","3,659"
TPA,2025-11-02 15:50:48,201,72,129
NGD,2025-11-02 15:50:48,117,,117
TND,2025-11-02 15:50:48,"14,342","7,966","6,376"
PNB,2025-11-02 15:50:48,"5,738","2,930","2,808"
BGL,2025-11-02 15:50:48,"6,347","4,607","1,740"
UP,2025-11-02 15:50:48,"11,565","8,464","3,101"
UTK,2025-11-02 15:50:49,"1,530",567,963
DNH,2025-11-02 16:49:32,923,,923
AP,2025-11-02 16:49:30,"7,842","4,763","3,079"
CTG,2025-11-02 16:49:32,"4,127","2,218","1,909"
BHR,2025-11-02 16:49:32,"4,120",489,"3,631"
ACP,2025-11-02 16:49:30,131,,131
ASM,2025-11-02 16:49:33,"1,487",283,"1,204"
DND,2025-11-02 16:49:33,328,,328
CHG,2025-11-02 16:49:33,153,,153
DL,2025-11-02 16:49:34,"3,487",91,"3,396"
HRN,2025-11-02 16:49:34,"5,490","1,155","4,335"
HP,2025-11-02 16:49:34,"1,198",482,716
JHK,2025-11-02 16:49:34,"1,402",409,993
GJT,2025-11-02 16:49:35,"15,539","6,458","9,081"
GOA,2025-11-02 16:49:35,436,,436
JAK,2025-11-02 16:49:35,"2,407",413,"1,994"
MPD,2025-11-02 16:49:36,"10,559","4,018","6,541"
KRT,2025-11-02 16:49:36,"9,260","6,678","2,582"
MIP,2025-11-02 16:49:37,191,,191
MZM,2025-11-02 16:49:37,108,,108
KRL,2025-11-02 16:49:37,"3,133","1,251","1,882"
ODI,2025-11-02 16:49:37,"4,766","3,260","1,506"
NGD,2025-11-02 16:49:38,127,,127
MGA,2025-11-02 16:49:38,161,79,82
MHA,2025-11-02 16:49:38,"19,610","12,350","7,260"
TND,2025-11-02 16:49:39,"14,905","6,938","7,967"
PU,2025-11-02 16:49:39,342,,342
TLG,2025-11-02 16:49:39,"7,443","3,689","3,754"
PNB,2025-11-02 16:49:38,"5,731","3,311","2,420"
SKM,2025-11-02 16:49:39,57,,57
TPA,2025-11-02 16:49:39,222,71,151
BGL,2025-11-02 16:49:39,"6,280","5,208","1,072"
RJ,2025-11-02 16:49:39,"11,592","8,393","3,199"
UTK,2025-11-02 16:49:40,"1,701",631,"1,070"
UP,2025-11-02 16:49:40,"11,890","7,875","4,015"
AP,2025-11-02 17:53:01,"8,470","4,661","3,809"
ACP,2025-11-02 17:53:02,142,,142
ASM,2025-11-02 17:53:03,"1,619",310,"1,309"
DND,2025-11-02 17:53:04,327,,327
BHR,2025-11-02 17:53:04,"5,261",575,"4,686"
GOA,2025-11-02 17:53:04,446,,446
CHG,2025-11-02 17:53:04,177,,177
DL,2025-11-02 17:53:04,"3,755",91,"3,664"
DNH,2025-11-02 17:53:04,931,,931
CTG,2025-11-02 17:53:04,"4,632","2,371","2,261"
GJT,2025-11-02 17:53:06,"15,974","4,598","11,376"
HRN,2025-11-02 17:53:06,"6,000","1,314","4,686"
HP,2025-11-02 17:53:06,"1,100",837,263
JHK,2025-11-02 17:53:06,"1,798",409,"1,389"
JAK,2025-11-02 17:53:07,"2,577",413,"2,164"
MIP,2025-11-02 17:53:07,208,,208
MPD,2025-11-02 17:53:08,"10,730","4,018","6,712"
KRT,2025-11-02 17:53:08,"9,344","5,806","3,538"
MHA,2025-11-02 17:53:08,"20,745","13,992","6,753"
MGA,2025-11-02 17:53:08,161,79,82
KRL,2025-11-02 17:53:08,"3,404","1,483","1,921"
MZM,2025-11-02 17:53:09,106,,106
NGD,2025-11-02 17:53:09,115,,115
PU,2025-11-02 17:53:09,373,,373
PNB,2025-11-02 17:53:09,"6,137","3,787","2,350"
ODI,2025-11-02 17:53:09,"5,130","3,260","1,870"
TLG,2025-11-02 17:53:10,"7,497","3,701","3,796"
SKM,2025-11-02 17:53:10,75,,75
TND,2025-11-02 17:53:10,"14,962","4,827","10,135"
TPA,2025-11-02 17:53:10,,,
UTK,2025-11-02 17:53:11,"1,871",972,899
UP,2025-11-02 17:53:11,"16,381","11,217","5,164"
RJ,2025-11-02 17:53:11,"11,454","7,101","4,353"
BGL,2025-11-02 17:53:11,"7,737","6,569","1,168"
BHR,2025-11-02 18:51:45,"5,218",690,"4,528"
AP,2025-11-02 18:51:45,"8,909","5,031","3,878"
ASM,2025-11-02 18:51:46,"1,589",309,"1,280"
CTG,2025-11-02 18:51:47,"4,501","2,424","2,077"
DNH,2025-11-02 18:51:47,921,,921
ACP,2025-11-02 18:51:47,145,,145
HRN,2025-11-02 18:51:48,"6,348","1,311","5,037"
GOA,2025-11-02 18:51:48,501,,501
DL,2025-11-02 18:51:49,"3,739",91,"3,648"
HP,2025-11-02 18:51:49,"1,181",857,324
CHG,2025-11-02 18:51:49,189,,189
DND,2025-11-02 18:51:49,318,,318
GJT,2025-11-02 18:51:49,"16,454","4,592","11,862"
JHK,2025-11-02 18:51:49,"1,762",409,"1,353"
KRL,2025-11-02 18:51:50,"3,960","1,487","2,473"
JAK,2025-11-02 18:51:50,"2,683",564,"2,119"
KRT,2025-11-02 18:51:50,"9,390","6,303","3,087"
MPD,2025-11-02 18:51:50,"10,736","4,018","6,718"
MHA,2025-11-02 18:51:51,"22,298","14,954","7,344"
MIP,2025-11-02 18:51:51,171,,171
MZM,2025-11-02 18:51:52,100,,100
MGA,2025-11-02 18:51:52,161,79,82
PNB,2025-11-02 18:51:52,"6,280","3,556","2,724"
ODI,2025-11-02 18:51:52,"5,288","3,260","2,028"
PU,2025-11-02 18:51:52,397,,397
NGD,2025-11-02 18:51:52,102,,102
SKM,2025-11-02 18:51:53,65,,65
TLG,2025-11-02 18:51:53,"7,724","3,723","4,001"
UP,2025-11-02 18:51:53,"17,824","10,985","6,839"
RJ,2025-11-02 18:51:53,"11,198","7,187","4,011"
TPA,2025-11-02 18:51:54,276,74,202
TND,2025-11-02 18:51:54,"15,204","4,927","10,277"
BGL,2025-11-02 18:51:54,"7,616","6,397","1,219"
UTK,2025-11-02 18:51:54,"1,899",973,926
AP,2025-11-02 19:50:28,"8,853","4,607","4,246"
ASM,2025-11-02 19:50:29,"1,554",312,"1,242"
BHR,2025-11-02 19:50:29,"4,993",800,"4,193"
ACP,2025-11-02 19:50:28,137,,137
CHG,2025-11-02 19:50:30,183,,183
CTG,2025-11-02 19:50:30,"4,235","2,371","1,864"
GJT,2025-11-02 19:50:30,"15,673","4,732","10,941"
DNH,2025-11-02 19:50:31,896,,896
DND,2025-11-02 19:50:30,303,,303
GOA,2025-11-02 19:50:31,505,,505
HP,2025-11-02 19:50:31,"1,043",671,372
HRN,2025-11-02 19:50:31,"5,813","1,117","4,696"
JAK,2025-11-02 19:50:32,"2,629",568,"2,061"
JHK,2025-11-02 19:50:32,"1,746",409,"1,337"
DL,2025-11-02 19:50:32,"3,618",91,"3,527"
KRL,2025-11-02 19:50:33,"3,916","1,541","2,375"
MIP,2025-11-02 19:50:33,156,,156
MGA,2025-11-02 19:50:34,161,79,82
MZM,2025-11-02 19:50:35,95,,95
ODI,2025-11-02 19:50:35,"5,252","3,260","1,992"
MHA,2025-11-02 19:50:35,"21,598","13,678","7,920"
MPD,2025-11-02 19:50:35,"10,056","4,018","6,038"
KRT,2025-11-02 19:50:36,"8,831","6,091","2,740"
PNB,2025-11-02 19:50:36,"5,764","2,917","2,847"
NGD,2025-11-02 19:50:36,88,,88
PU,2025-11-02 19:50:36,366,,366
RJ,2025-11-02 19:50:36,"10,374","7,305","3,069"
TLG,2025-11-02 19:50:36,"7,484","3,599","3,885"
SKM,2025-11-02 19:50:36,56,,56
TND,2025-11-02 19:50:37,"14,677","4,917","9,760"
BGL,2025-11-02 19:50:37,"7,575","6,062","1,513"
UTK,2025-11-02 19:50:37,"1,761",735,"1,026"
TPA,2025-11-02 19:50:37,269,73,196
UP,2025-11-02 19:50:37,"16,646","10,433","6,213"
ASM,2025-11-02 20:50:34,"1,506",312,"1,194"
AP,2025-11-02 20:50:35,"8,940","4,971","3,969"
BHR,2025-11-02 20:50:36,"4,817",765,"4,052"
ACP,2025-11-02 20:50:36,127,,127
CHG,2025-11-02 20:50:36,171,,171
DND,2025-11-02 20:50:37,297,,297
CTG,2025-11-02 20:50:36,"4,131","2,281","1,850"
KRT,2025-11-02 20:50:39,"8,548","6,158","2,390"
JHK,2025-11-02 20:50:39,"1,586",409,"1,177"
KRL,2025-11-02 20:50:39,"3,936","1,538","2,398"
HP,2025-11-02 20:50:40,"1,073",605,468
GJT,2025-11-02 20:50:40,"15,005","4,120","10,885"
JAK,2025-11-02 20:50:40,"2,516",560,"1,956"
MHA,2025-11-02 20:50:41,"20,660","13,233","7,427"
DNH,2025-11-02 20:50:41,895,,895
HRN,2025-11-02 20:50:41,"5,803","1,069","4,734"
DL,2025-11-02 20:50:41,"3,393",91,"3,302"
MPD,2025-11-02 20:50:41,"9,605","4,018","5,587"
GOA,2025-11-02 20:50:41,492,,492
MGA,2025-11-02 20:50:42,161,79,82
MIP,2025-11-02 20:50:42,133,,133
MZM,2025-11-02 20:50:42,91,,91
RJ,2025-11-02 20:50:43,"9,693","7,158","2,535"
ODI,2025-11-02 20:50:43,"5,124","3,260","1,864"
NGD,2025-11-02 20:50:45,70,,70
SKM,2025-11-02 20:50:45,51,,51
TND,2025-11-02 20:50:45,"14,700","5,219","9,481"
PU,2025-11-02 20:50:45,393,,393
PNB,2025-11-02 20:50:46,"5,399","3,443","1,956"
TLG,2025-11-02 20:50:46,"7,208","3,607","3,601"
UTK,2025-11-02 20:50:46,"1,680",676,"1,004"
TPA,2025-11-02 20:50:46,265,71,194
UP,2025-11-02 20:50:46,"15,743","9,656","6,087"
BGL,2025-11-02 20:50:46,"7,482","6,187","1,295"
ASM,2025-11-02 21:51:20,"1,395",312,"1,083"
ACP,2025-11-02 21:51:20,115,,115
AP,2025-11-02 21:51:19,"8,970","4,668","4,302"
BHR,2025-11-02 21:51:20,"4,708",889,"3,819"
CHG,2025-11-02 21:51:20,147,,147
CTG,2025-11-02 21:51:21,"4,104","2,314","1,790"
DL,2025-11-02 21:51:22,"3,200",91,"3,109"
DNH,2025-11-02 21:51:22,892,,892
HRN,2025-11-02 21:51:22,"5,862","1,079","4,783"
DND,2025-11-02 21:51:23,299,,299
GOA,2025-11-02 21:51:23,505,,505
KRT,2025-11-02 21:51:23,"8,339","6,269","2,070"
HP,2025-11-02 21:51:24,"1,002",547,455
GJT,2025-11-02 21:51:24,"14,581","3,950","10,631"
JAK,2025-11-02 21:51:24,"2,412",567,"1,845"
MPD,2025-11-02 21:51:24,"9,322","4,018","5,304"
JHK,2025-11-02 21:51:24,"1,431",409,"1,022"
KRL,2025-11-02 21:51:24,"3,931","1,531","2,400"
MHA,2025-11-02 21:51:25,"20,042","12,785","7,257"
MIP,2025-11-02 21:51:25,115,,115
MGA,2025-11-02 21:51:25,161,79,82
MZM,2025-11-02 21:51:26,84,,84
NGD,2025-11-02 21:51:26,72,,72
TND,2025-11-02 21:51:27,"14,775","5,215","9,560"
ODI,2025-11-02 21:51:27,"5,202","3,260","1,942"
TLG,2025-11-02 21:51:27,"7,037","3,650","3,387"
SKM,2025-11-02 21:51:27,41,,41
TPA,2025-11-02 21:51:28,258,71,187
UP,2025-11-02 21:51:28,"15,092","9,098","5,994"
PU,2025-11-02 21:51:28,405,,405
UTK,2025-11-02 21:51:28,"1,562",594,968
RJ,2025-11-02 21:51:28,"9,103","7,187","1,916"
PNB,2025-11-02 21:51:28,"5,085","3,111","1,974"
BGL,2025-11-02 21:51:28,"7,444","6,059","1,385"
BHR,2025-11-02 22:50:06,"4,528","1,007","3,521"
ASM,2025-11-02 22:50:07,"1,304",312,992
ACP,2025-11-02 22:50:07,101,,101
AP,2025-11-02 22:50:08,"8,824","4,667","4,157"
DND,2025-11-02 22:50:08,299,,299
CHG,2025-11-02 22:50:08,134,,134
CTG,2025-11-02 22:50:08,"4,024","2,382","1,642"
GOA,2025-11-02 22:50:08,493,,493
DNH,2025-11-02 22:50:08,892,,892
DL,2025-11-02 22:50:08,"2,995",91,"2,904"
GJT,2025-11-02 22:50:09,"14,938","4,171","10,767"
JAK,2025-11-02 22:50:10,"2,135",353,"1,782"
KRL,2025-11-02 22:50:11,"3,876","1,530","2,346"
KRT,2025-11-02 22:50:11,"8,002","5,978","2,024"
JHK,2025-11-02 22:50:11,"1,434",409,"1,025"
MPD,2025-11-02 22:50:11,"9,451","4,018","5,433"
MIP,2025-11-02 22:50:12,101,,101
HRN,2025-11-02 22:50:12,"5,625","1,097","4,528"
MZM,2025-11-02 22:50:12,69,,69
HP,2025-11-02 22:50:12,995,415,580
MHA,2025-11-02 22:50:12,"19,649","12,217","7,432"
MGA,2025-11-02 22:50:13,161,79,82
ODI,2025-11-02 22:50:13,"4,888","3,260","1,628"
PU,2025-11-02 22:50:13,401,,401
NGD,2025-11-02 22:50:14,63,,63
SKM,2025-11-02 22:50:14,34,,34
TPA,2025-11-02 22:50:15,248,71,177
BGL,2025-11-02 22:50:15,"7,256","5,921","1,335"
TND,2025-11-02 22:50:15,"14,475","5,209","9,266"
UP,2025-11-02 22:50:15,"14,473","9,191","5,282"
PNB,2025-11-02 22:50:15,"4,930","3,040","1,890"
TLG,2025-11-02 22:50:16,"6,730","3,753","2,977"
RJ,2025-11-02 22:50:16,"9,481","7,189","2,292"
UTK,2025-11-02 22:50:16,"1,495",607,888
BHR,2025-11-02 23:51:48,"4,337","1,055","3,282"
ASM,2025-11-02 23:51:47,"1,211",312,899
ACP,2025-11-02 23:51:47,98,,98
DNH,2025-11-02 23:51:47,893,,893
AP,2025-11-02 23:51:46,"8,472","4,637","3,835"
CHG,2025-11-02 23:51:49,117,,117
DND,2025-11-02 23:51:49,295,,295
CTG,2025-11-02 23:51:49,"4,050","2,266","1,784"
DL,2025-11-02 23:51:50,"2,806",91,"2,715"
HP,2025-11-02 23:51:50,920,384,536
GOA,2025-11-02 23:51:50,484,,484
HRN,2025-11-02 23:51:51,"5,379","1,089","4,290"
KRL,2025-11-02 23:51:51,"3,561","1,456","2,105"
GJT,2025-11-02 23:51:51,"14,657","4,067","10,590"
JAK,2025-11-02 23:51:51,"1,846",354,"1,492"
JHK,2025-11-02 23:51:52,"1,358",409,949
MHA,2025-11-02 23:51:52,"18,933","11,908","7,025"
KRT,2025-11-02 23:51:52,"7,605","5,084","2,521"
MPD,2025-11-02 23:51:53,"9,630","4,018","5,612"
PNB,2025-11-02 23:51:53,"4,712","2,957","1,755"
MZM,2025-11-02 23:51:53,60,,60
ODI,2025-11-02 23:51:53,"5,013","3,260","1,753"
MGA,2025-11-02 23:51:53,161,79,82
SKM,2025-11-02 23:51:54,38,,38
NGD,2025-11-02 23:51:54,55,,55
MIP,2025-11-02 23:51:55,91,,91
RJ,2025-11-02 23:51:55,"9,211","6,334","2,877"
UTK,2025-11-02 23:51:55,"1,444",623,821
UP,2025-11-02 23:51:55,"14,020","9,393","4,627"
BGL,2025-11-02 23:51:56,"7,066","5,676","1,390"
TND,2025-11-02 23:51:56,"13,446","4,801","8,645"
TLG,2025-11-02 23:51:56,"6,431","3,534","2,897"
PU,2025-11-02 23:51:56,365,,365
TPA,2025-11-02 23:51:56,243,71,172
ASM,2025-11-03 00:49:03,"1,151",312,839
CHG,2025-11-03 00:49:02,108,,108
BHR,2025-11-03 00:49:02,"4,210","1,102","3,108"
ACP,2025-11-03 00:49:03,95,,95
AP,2025-11-03 00:49:01,"8,136","4,699","3,437"
DND,2025-11-03 00:49:03,291,,291
DNH,2025-11-03 00:49:04,895,,895
CTG,2025-11-03 00:49:04,"4,030","2,365","1,665"
DL,2025-11-03 00:49:04,"2,616",91,"2,525"
GOA,2025-11-03 00:49:05,466,,466
HRN,2025-11-03 00:49:05,"5,189","1,106","4,083"
HP,2025-11-03 00:49:06,825,441,384
JAK,2025-11-03 00:49:06,"1,681",354,"1,327"
KRT,2025-11-03 00:49:06,"7,486","5,479","2,007"
GJT,2025-11-03 00:49:06,"14,292","3,693","10,599"
MHA,2025-11-03 00:49:06,"18,499","12,184","6,315"
JHK,2025-11-03 00:49:07,"1,298",409,889
KRL,2025-11-03 00:49:07,"3,285","1,408","1,877"
MIP,2025-11-03 00:49:08,85,,85
ODI,2025-11-03 00:49:08,"5,012","3,260","1,752"
MPD,2025-11-03 00:49:09,"9,629","4,018","5,611"
MGA,2025-11-03 00:49:09,161,79,82
SKM,2025-11-03 00:49:09,30,,30
NGD,2025-11-03 00:49:09,52,,52
PU,2025-11-03 00:49:09,356,,356
PNB,2025-11-03 00:49:10,"4,543","2,783","1,760"
RJ,2025-11-03 00:49:10,"8,876","6,443","2,433"
TND,2025-11-03 00:49:10,"13,028","4,804","8,224"
BGL,2025-11-03 00:49:10,"6,742","5,428","1,314"
TPA,2025-11-03 00:49:10,231,71,160
MZM,2025-11-03 00:49:11,54,,54
UP,2025-11-03 00:49:11,"13,433","8,478","4,955"
TLG,2025-11-03 00:49:11,"6,208","3,316","2,892"
UTK,2025-11-03 00:49:11,"1,397",540,857
ACP,2025-11-03 01:50:58,90,,90
AP,2025-11-03 01:50:56,"7,967","4,880","3,087"
BHR,2025-11-03 01:50:57,"4,160","1,107","3,053"
ASM,2025-11-03 01:50:57,"1,081",312,769
CHG,2025-11-03 01:50:58,104,,104
DNH,2025-11-03 01:50:59,887,,887
DL,2025-11-03 01:50:59,"2,464",91,"2,373"
DND,2025-11-03 01:51:00,291,,291
GOA,2025-11-03 01:51:00,467,,467
JAK,2025-11-03 01:51:00,"1,586",355,"1,231"
JHK,2025-11-03 01:51:00,"1,267",409,858
GJT,2025-11-03 01:51:00,"13,924","3,748","10,176"
CTG,2025-11-03 01:51:01,"3,931","2,440","1,491"
HP,2025-11-03 01:51:01,802,395,407
KRT,2025-11-03 01:51:02,"7,072","5,763","1,309"
KRL,2025-11-03 01:51:02,"3,093","1,280","1,813"
HRN,2025-11-03 01:51:03,"5,092","1,098","3,994"
MGA,2025-11-03 01:51:03,161,79,82
NGD,2025-11-03 01:51:03,52,,52
MPD,2025-11-03 01:51:03,"9,228","4,018","5,210"
ODI,2025-11-03 01:51:04,"4,474","3,260","1,214"
MHA,2025-11-03 01:51:04,"18,003","11,898","6,105"
MIP,2025-11-03 01:51:04,79,,79
PU,2025-11-03 01:51:04,348,,348
RJ,2025-11-03 01:51:04,"8,635","6,063","2,572"
SKM,2025-11-03 01:51:04,26,,26
MZM,2025-11-03 01:51:05,52,,52
TND,2025-11-03 01:51:05,"12,630","4,750","7,880"
TLG,2025-11-03 01:51:05,"6,163","3,080","3,083"
PNB,2025-11-03 01:51:05,"4,503","2,345","2,158"
UTK,2025-11-03 01:51:05,"1,375",545,830
UP,2025-11-03 01:51:05,"13,044","7,946","5,098"
BGL,2025-11-03 01:51:06,"6,432","5,303","1,129"
TPA,2025-11-03 01:51:06,220,71,149
ACP,2025-11-03 02:50:06,92,,92
AP,2025-11-03 02:50:07,"7,767","4,702","3,065"
ASM,2025-11-03 02:50:06,"1,019",312,707
CHG,2025-11-03 02:50:08,98,,98
BHR,2025-11-03 02:50:08,"4,065","1,118","2,947"
DNH,2025-11-03 02:50:08,881,,881
CTG,2025-11-03 02:50:08,"3,875","2,380","1,495"
DND,2025-11-03 02:50:09,290,,290
GOA,2025-11-03 02:50:09,450,,450
DL,2025-11-03 02:50:10,"2,394",91,"2,303"
GJT,2025-11-03 02:50:10,"13,834","3,709","10,125"
HRN,2025-11-03 02:50:10,"5,064","1,105","3,959"
KRT,2025-11-03 02:50:10,"6,900","5,173","1,727"
HP,2025-11-03 02:50:11,838,378,460
JAK,2025-11-03 02:50:11,"1,520",355,"1,165"
KRL,2025-11-03 02:50:11,"3,005","1,204","1,801"
MHA,2025-11-03 02:50:11,"17,883","11,980","5,903"
JHK,2025-11-03 02:50:11,"1,242",409,833
MIP,2025-11-03 02:50:12,75,,75
MPD,2025-11-03 02:50:12,"8,913","4,018","4,895"
MGA,2025-11-03 02:50:13,161,79,82
NGD,2025-11-03 02:50:13,48,,48
PU,2025-11-03 02:50:13,338,,338
MZM,2025-11-03 02:50:14,50,,50
PNB,2025-11-03 02:50:14,"4,498","2,363","2,135"
ODI,2025-11-03 02:50:14,"4,516","3,260","1,256"
SKM,2025-11-03 02:50:14,26,,26
TND,2025-11-03 02:50:14,"12,459","5,240","7,219"
TLG,2025-11-03 02:50:14,"6,214","3,085","3,129"
RJ,2025-11-03 02:50:15,"8,474","5,844","2,630"
UP,2025-11-03 02:50:15,"12,625","8,066","4,559"
BGL,2025-11-03 02:50:15,"6,287","5,110","1,177"
TPA,2025-11-03 02:50:15,207,71,136
UTK,2025-11-03 02:50:15,"1,378",544,834
AP,2025-11-03 03:50:22,"7,778","5,116","2,662"
CTG,2025-11-03 03:50:24,"3,897","2,376","1,521"
BHR,2025-11-03 03:50:23,"3,954","1,101","2,853"
ACP,2025-11-03 03:50:23,90,,90
DND,2025-11-03 03:50:24,285,,285
ASM,2025-11-03 03:50:24,999,312,687
DL,2025-11-03 03:50:24,"2,357",91,"2,266"
CHG,2025-11-03 03:50:25,102,,102
DNH,2025-11-03 03:50:25,878,,878
GJT,2025-11-03 03:50:26,"13,660","3,457","10,203"
JAK,2025-11-03 03:50:26,"1,490",356,"1,134"
HP,2025-11-03 03:50:26,919,362,557
HRN,2025-11-03 03:50:26,"5,064","1,098","3,966"
JHK,2025-11-03 03:50:27,"1,218",409,809
GOA,2025-11-03 03:50:26,447,,447
KRL,2025-11-03 03:50:26,"2,922","1,045","1,877"
MHA,2025-11-03 03:50:28,"17,907","11,921","5,986"
MIP,2025-11-03 03:50:28,78,,78
KRT,2025-11-03 03:50:28,"7,086","5,594","1,492"
NGD,2025-11-03 03:50:28,51,,51
MGA,2025-11-03 03:50:28,161,79,82
MPD,2025-11-03 03:50:28,"8,940","4,018","4,922"
ODI,2025-11-03 03:50:29,"4,548","3,260","1,288"
MZM,2025-11-03 03:50:30,50,,50
SKM,2025-11-03 03:50:30,27,,27
TLG,2025-11-03 03:50:30,"6,391","3,094","3,297"
UTK,2025-11-03 03:50:30,"1,373",544,829
PNB,2025-11-03 03:50:31,"4,584","2,295","2,289"
TND,2025-11-03 03:50:31,"12,625","5,022","7,603"
PU,2025-11-03 03:50:31,331,,331
RJ,2025-11-03 03:50:31,"8,286","5,534","2,752"
BGL,2025-11-03 03:50:31,"6,042","5,066",976
TPA,2025-11-03 03:50:31,201,71,130
UP,2025-11-03 03:50:31,"12,417","7,995","4,422"
CTG,2025-11-03 04:50:27,"3,916","2,381","1,535"
ACP,2025-11-03 04:50:25,93,,93
CHG,2025-11-03 04:50:27,109,,109
BHR,2025-11-03 04:50:25,"3,935","1,099","2,836"
ASM,2025-11-03 04:50:27,994,312,682
AP,2025-11-03 04:50:25,"8,052","4,931","3,121"
DNH,2025-11-03 04:50:28,864,,864
DL,2025-11-03 04:50:28,"2,449",91,"2,358"
GOA,2025-11-03 04:50:28,436,,436
HRN,2025-11-03 04:50:29,"5,288","1,114","4,174"
DND,2025-11-03 04:50:29,287,,287
GJT,2025-11-03 04:50:30,"13,659","3,864","9,795"
HP,2025-11-03 04:50:30,937,382,555
JAK,2025-11-03 04:50:31,"1,626",354,"1,272"
KRL,2025-11-03 04:50:31,"2,968","1,154","1,814"
MHA,2025-11-03 04:50:32,"18,385","12,180","6,205"
MZM,2025-11-03 04:50:32,51,,51
MIP,2025-11-03 04:50:32,94,,94
MPD,2025-11-03 04:50:32,"8,997","4,018","4,979"
MGA,2025-11-03 04:50:32,161,79,82
JHK,2025-11-03 04:50:33,"1,283",409,874
KRT,2025-11-03 04:50:33,"7,748","5,557","2,191"
PNB,2025-11-03 04:50:34,"5,008","2,310","2,698"
PU,2025-11-03 04:50:34,330,,330
NGD,2025-11-03 04:50:34,61,,61
RJ,2025-11-03 04:50:34,"8,781","6,019","2,762"
TND,2025-11-03 04:50:34,"12,880","5,325","7,555"
ODI,2025-11-03 04:50:35,"4,860","3,260","1,600"
SKM,2025-11-03 04:50:35,31,,31
UP,2025-11-03 04:50:35,"13,067","8,279","4,788"
TLG,2025-11-03 04:50:35,"6,733","3,091","3,642"
UTK,2025-11-03 04:50:36,"1,434",650,784
TPA,2025-11-03 04:50:36,192,72,120
BGL,2025-11-03 04:50:36,"5,993","4,992","1,001"
