StateCode,Datetime,Demand,Thermal,GAS,Nuclear,Hydro,Renewable
IND,2024-03-13 09:50:42,216561,161251,4202,5150,10090,37425
IND,2024-03-13 10:50:33,219517,155728,3191,5178,8585,47745
IND,2024-03-13 11:51:05,217247,150599,3180,5158,7869,51889
IND,2024-03-13 12:48:18,212955,146322,3165,5162,6728,53112
IND,2024-03-13 13:50:45,204329,139318,3140,5180,6494,52039
IND,2024-03-13 14:49:46,206588,144252,3124,5184,7554,48544
IND,2024-03-13 15:50:14,205710,151014,3276,5179,8254,40409
IND,2024-03-13 16:49:03,201032,156230,3586,5175,10180,27997
IND,2024-03-13 17:52:09,194208,157076,3814,5174,16872,14165
IND,2024-03-13 18:50:04,196429,160800,4013,5183,19063,8315
IND,2024-03-13 19:49:27,194464,161313,3633,5193,16979,7873
IND,2024-03-13 20:50:32,186835,159761,3269,5226,11614,8161
IND,2024-03-13 21:50:45,183806,159348,2820,5233,9899,8136
IND,2024-03-13 22:49:36,183458,159613,2799,5250,9232,8600
IND,2024-03-13 23:50:44,179776,157281,2816,5327,8000,8418
IND,2024-03-14 00:47:32,177053,156208,2844,5279,6702,7846
IND,2024-03-14 01:48:45,173125,153679,2809,5291,5774,7132
IND,2024-03-14 02:49:16,170751,152301,2798,5290,5111,6878
IND,2024-03-14 03:49:34,171646,153412,2817,5286,5367,6537
IND,2024-03-14 04:49:25,175055,156405,2828,5283,6082,6360
IND,2024-03-14 05:55:04,183192,160596,3281,5281,10559,5806
IND,2024-03-14 07:03:36,195258,162039,3602,5307,19183,6502
IND,2024-03-14 07:50:58,199555,159641,3530,5307,17642,13924
IND,2024-03-14 08:50:01,206517,158562,3501,5287,11739,27773
IND,2024-03-14 09:50:27,216081,158441,3523,5251,9700,40081
IND,2024-03-14 10:49:24,216709,154984,3219,5232,7717,47319
IND,2024-03-14 11:50:48,215467,151811,3121,5229,7200,49779
IND,2024-03-14 12:50:14,211898,148171,3124,5206,6426,50230
IND,2024-03-14 13:50:46,205914,143418,3127,5234,6333,49234
IND,2024-03-14 14:49:24,208539,150108,3187,5230,6787,45296
IND,2024-03-14 15:50:23,208298,156973,3169,5204,7793,37546
IND,2024-03-14 16:48:46,203444,161000,3252,4920,10519,25987
IND,2024-03-14 17:52:19,195925,161398,3623,5078,16333,10944
IND,2024-03-14 18:50:20,199084,164473,3857,5123,20578,4881
IND,2024-03-14 19:49:41,198028,165381,3716,5131,17861,5547
IND,2024-03-14 20:50:44,191586,165038,3278,5125,12879,6119
IND,2024-03-14 21:50:59,188308,164763,2956,5104,10484,6171
IND,2024-03-14 22:49:03,187268,164442,2837,5106,9684,6215
IND,2024-03-14 23:50:53,183786,162473,2815,5106,8283,6766
IND,2024-03-15 00:47:48,180870,160808,2775,5101,5961,7867
IND,2024-03-15 01:50:12,176885,156076,2760,5120,5614,8811
IND,2024-03-15 02:49:01,174385,154110,2753,5111,5171,8781
IND,2024-03-15 03:49:43,174726,154201,2775,5105,5010,9265
IND,2024-03-15 04:49:09,177752,157030,2705,5116,6005,8748
IND,2024-03-15 05:55:20,184917,161113,2838,5104,9699,7996
IND,2024-03-15 07:04:53,198293,165866,3035,5115,15757,8923
IND,2024-03-15 07:51:27,201633,163402,3138,5127,14050,15947
IND,2024-03-15 08:50:26,208817,162207,3089,5115,10281,28510
IND,2024-03-15 09:50:49,219333,163377,3059,5088,8611,40306
IND,2024-03-15 10:49:54,220971,159473,2796,5123,7375,47820
IND,2024-03-15 11:50:52,219349,155734,2756,5141,6721,50445
IND,2024-03-15 12:49:10,214361,151545,2758,5138,5977,50571
IND,2024-03-15 13:50:48,207362,146303,2747,5132,5891,49177
IND,2024-03-15 14:49:01,209804,151981,2743,5117,6421,45311
IND,2024-03-15 15:49:53,206314,157105,2890,5115,7985,35776
IND,2024-03-15 16:47:22,203025,161654,3103,5147,9907,24960
IND,2024-03-15 18:49:34,198307,164635,3759,5163,20179,4670
IND,2024-03-15 19:49:00,196752,164088,3799,5222,16786,6260
IND,2024-03-15 20:48:42,190688,163213,3650,5223,12063,7745
IND,2024-03-15 21:50:25,186317,161679,3208,5245,9006,8706
IND,2024-03-15 22:48:30,186676,161674,3075,5211,8609,9460
IND,2024-03-15 23:50:21,184575,159843,2901,5252,8650,9385
IND,2024-03-16 00:46:37,180627,159068,2797,5244,6113,8992
IND,2024-03-16 01:50:08,177163,156674,2768,5254,5455,8741
IND,2024-03-16 02:47:24,175117,153820,2775,5436,5652,9145
IND,2024-03-16 03:48:57,175162,154673,2787,5440,5372,8917
IND,2024-03-16 04:49:06,177797,157382,2778,5461,6146,8279
IND,2024-03-16 05:53:32,182728,158690,3047,5501,9781,7728
IND,2024-03-16 07:01:57,194715,161554,3345,5495,16870,8534
IND,2024-03-16 07:50:10,199304,159986,3386,5515,15270,15515
IND,2024-03-16 08:49:22,205747,158173,3396,5514,10406,27737
IND,2024-03-16 09:50:13,213510,159448,3378,5495,8488,37504
IND,2024-03-16 10:49:27,216019,154599,2898,5520,6197,48319
IND,2024-03-16 11:49:45,215290,152195,2824,5503,5498,50733
IND,2024-03-16 12:47:18,212706,149173,2809,5498,5728,50782
IND,2024-03-16 13:49:44,207320,145560,2800,5473,5401,49305
IND,2024-03-16 14:47:34,210381,151829,2810,5477,6136,45730
IND,2024-03-16 15:49:25,209827,159848,2954,5483,6812,36448
IND,2024-03-16 16:45:55,202647,160686,3493,5455,9379,25462
IND,2024-03-16 17:51:23,193219,159153,3501,5459,15163,11421
IND,2024-03-16 18:49:08,194885,162440,3620,5438,18937,5690
IND,2024-03-16 19:48:16,194652,163449,3685,5450,16197,6827
IND,2024-03-16 20:47:29,186111,160561,3670,5461,10681,7327
IND,2024-03-16 21:49:36,182587,158057,3570,5465,8477,8716
IND,2024-03-16 22:48:38,182079,157283,3398,5458,8177,9260
IND,2024-03-16 23:50:15,179016,155717,2950,5473,7170,9354
IND,2024-03-17 00:46:05,176275,154081,2757,5490,6501,9482
IND,2024-03-17 01:48:18,172014,149978,2782,5464,5952,9536
IND,2024-03-17 02:47:03,169526,148466,2631,5480,5416,9412
IND,2024-03-17 03:48:47,169547,149709,2634,5475,5111,8853
IND,2024-03-17 04:49:07,172736,151962,2701,5483,5873,8851
IND,2024-03-17 05:56:41,178177,154582,2733,5503,8579,8940
IND,2024-03-17 07:05:35,187772,156246,3169,5503,13897,10491
IND,2024-03-17 07:50:55,191913,152920,3190,5499,13161,17927
IND,2024-03-17 08:48:57,197261,149714,3135,5498,8969,29941
IND,2024-03-17 09:50:00,204038,149102,2925,5494,7347,40700
IND,2024-03-17 10:49:07,203679,144893,2724,5498,5498,47584
IND,2024-03-17 11:50:01,202776,140366,2719,5488,5159,51670
IND,2024-03-17 12:47:15,199945,136206,2690,5482,6134,51620
IND,2024-03-17 13:49:47,194888,133485,2696,5478,5107,50167
IND,2024-03-17 14:48:05,195173,138738,2733,5463,5350,44872
IND,2024-03-17 15:49:00,193300,144539,2688,5466,6800,36215
IND,2024-03-17 16:47:09,189749,149559,2876,5456,7752,26606
IND,2024-03-17 17:51:17,181398,148494,2999,5464,14265,11769
IND,2024-03-17 18:49:56,183531,154103,2970,5505,16673,6399
IND,2024-03-17 19:47:58,184328,156241,3003,5478,14515,6928
IND,2024-03-17 20:48:55,178314,151375,2756,5501,11382,8394
IND,2024-03-17 21:49:55,177168,151578,2601,5504,9331,9408
IND,2024-03-17 22:48:07,176615,152483,2627,5505,8168,9279
IND,2024-03-17 23:49:47,173382,150732,2615,5486,7059,8997
IND,2024-03-18 00:46:26,169481,149541,2682,5488,5498,8597
IND,2024-03-18 01:48:46,166549,146707,2670,5488,5166,8362
IND,2024-03-18 02:48:06,165063,144982,2797,5493,5338,8243
IND,2024-03-18 03:48:20,165605,145498,2869,5503,5324,8411
IND,2024-03-18 04:49:27,168609,148810,3143,5490,5498,7983
IND,2024-03-18 05:55:40,178253,154231,3478,5500,9444,7209
IND,2024-03-18 07:03:43,193263,162122,3927,4915,15942,8159
IND,2024-03-18 07:50:40,197839,159815,3944,4902,14927,14978
IND,2024-03-18 08:49:41,203893,157424,3900,4881,10538,28018
IND,2024-03-18 09:49:51,213248,158036,3629,4556,9608,38046
IND,2024-03-18 10:49:25,216597,154994,3005,4897,7530,48101
IND,2024-03-18 11:50:23,216243,152724,3053,4886,6441,51077
IND,2024-03-18 12:48:18,213014,149398,3055,4845,6329,51547
IND,2024-03-18 13:50:05,207354,145516,3117,4943,5995,50164
IND,2024-03-18 14:49:01,209541,150991,3242,4981,6391,46300
IND,2024-03-18 15:49:33,207865,156704,3365,5037,6989,38252
IND,2024-03-18 16:47:06,202754,160418,3866,5021,9033,26601
IND,2024-03-18 17:51:22,193467,158601,4219,5042,15755,11492
IND,2024-03-18 18:49:38,194950,163502,4222,5024,18659,5255
IND,2024-03-18 19:49:12,193407,165301,4226,5012,15306,5757
IND,2024-03-18 20:48:57,186840,162959,4155,5036,10674,5768
IND,2024-03-18 21:50:25,182915,160215,3698,5020,8747,7025
IND,2024-03-18 22:49:15,182269,160828,3508,5044,7767,7308
IND,2024-03-18 23:50:12,179067,159302,3193,5053,6597,7090
IND,2024-03-19 00:46:46,176191,158219,3230,5055,5308,6758
IND,2024-03-19 01:49:43,172336,155417,3169,5073,5125,5874
IND,2024-03-19 02:48:20,169657,153314,3109,5055,4793,5801
IND,2024-03-19 03:49:15,169220,153374,3145,5050,4554,5530
IND,2024-03-19 04:48:45,172270,155555,3134,5059,5714,5223
IND,2024-03-19 05:54:46,180044,158263,3664,5069,9594,5530
IND,2024-03-19 07:03:33,193063,162339,3996,5089,16125,7293
IND,2024-03-19 07:50:31,197303,159599,3995,5107,15731,14497
IND,2024-03-19 08:49:21,203082,156401,3875,5110,10639,27597
IND,2024-03-19 09:50:06,213512,156327,3860,5103,9609,40490
IND,2024-03-19 10:49:17,214963,152658,3321,5058,7419,48328
IND,2024-03-19 11:50:13,213440,149837,3259,5100,6601,50415
IND,2024-03-19 12:48:27,209302,146000,3273,5157,6278,50423
IND,2024-03-19 13:50:22,203358,141078,3328,5193,5757,50459
IND,2024-03-19 14:48:37,205887,146470,3329,5125,6503,46831
IND,2024-03-19 15:49:32,205957,152338,3423,5155,8680,38823
IND,2024-03-19 16:47:18,201082,157042,3995,5161,9979,28180
IND,2024-03-19 17:51:41,192664,155445,4436,5213,16003,12146
IND,2024-03-19 18:49:32,192139,160064,4718,5319,18061,5868
IND,2024-03-19 19:48:51,192594,162003,4840,5324,16245,6453
IND,2024-03-19 20:49:42,185805,159113,4734,5389,10919,7060
IND,2024-03-19 21:50:26,181932,157491,3751,5386,9324,7955
IND,2024-03-19 22:48:47,181028,156660,3601,5444,8591,8516
IND,2024-03-19 23:50:15,176717,153650,3309,5460,7221,8606
IND,2024-03-20 00:46:55,173158,152437,2761,5472,5837,8245
IND,2024-03-20 01:49:25,169323,149575,2648,5479,5075,8109
IND,2024-03-20 02:47:12,166591,146289,2666,5497,4967,8665
IND,2024-03-20 03:48:47,165590,145135,2710,5504,4995,8788
IND,2024-03-20 04:48:59,168655,147450,2699,5498,5847,8706
IND,2024-03-20 05:54:35,176844,153044,2914,5499,8966,7707
IND,2024-03-20 07:02:57,191082,158875,2970,5518,15112,9697
IND,2024-03-20 07:50:12,193983,153739,2973,5527,14541,17556
IND,2024-03-20 08:49:21,200015,150347,2919,5499,10129,30266
IND,2024-03-20 09:50:08,210470,150932,2831,5480,8961,43058
IND,2024-03-20 10:49:44,210688,147382,2614,5427,6208,51168
IND,2024-03-20 11:50:07,208701,143932,2758,5448,5786,52970
IND,2024-03-20 12:48:44,203664,139578,2726,5448,5740,52306
IND,2024-03-20 13:50:01,196161,133366,2675,5489,6554,50626
IND,2024-03-20 14:49:11,198246,139582,2761,5494,6034,47046
IND,2024-03-20 15:49:32,197063,146282,2993,5501,7446,37540
IND,2024-03-20 16:47:14,195185,154606,3122,5485,9869,24914
IND,2024-03-20 17:51:16,194451,155721,3186,5495,10489,21113
IND,2024-03-20 18:50:07,194451,155721,3186,5495,10489,21113
IND,2024-03-20 19:48:43,194451,155721,3186,5495,10489,21113
IND,2024-03-20 20:49:31,194451,155721,3186,5495,10489,21113
IND,2024-03-20 21:50:18,194451,155721,3186,5495,10489,21113
IND,2024-03-20 22:48:33,194451,155721,3186,5495,10489,21113
IND,2024-03-20 23:50:08,194451,155721,3186,5495,10489,21113
IND,2024-03-21 00:46:26,194451,155721,3186,5495,10489,21113
IND,2024-03-21 01:49:56,194451,155721,3186,5495,10489,21113
IND,2024-03-21 02:49:07,194451,155721,3186,5495,10489,21113
IND,2024-03-21 03:48:30,194451,155721,3186,5495,10489,21113
IND,2024-03-21 04:49:38,194451,155721,3186,5495,10489,21113
IND,2024-03-21 05:55:31,194451,155721,3186,5495,10489,21113
IND,2024-03-21 07:04:15,194451,155721,3186,5495,10489,21113
IND,2024-03-21 07:51:06,194451,155721,3186,5495,10489,21113
IND,2024-03-21 08:49:41,194451,155721,3186,5495,10489,21113
IND,2024-03-21 09:50:26,194451,155721,3186,5495,10489,21113
IND,2024-03-21 10:48:58,207167,145131,2812,5542,6354,47160
IND,2024-03-21 11:50:14,204458,140073,2837,5496,6226,49444
IND,2024-03-21 12:47:52,201085,136647,2828,5503,6919,49839
IND,2024-03-21 13:50:09,196444,132860,2837,5498,6715,49259
IND,2024-03-21 14:48:46,199432,141100,2992,5494,7042,43904
IND,2024-03-21 15:49:05,200981,149918,3018,5504,8357,35365
IND,2024-03-21 16:47:12,198659,156294,3146,5503,9939,25130
IND,2024-03-21 17:51:34,190883,157909,3272,5522,14451,10542
IND,2024-03-21 18:50:26,193157,161910,3352,5507,17388,5875
IND,2024-03-21 19:48:45,193229,164056,3271,5518,14319,7223
IND,2024-03-21 20:49:32,185406,159103,3291,5508,9983,8397
IND,2024-03-21 21:50:44,181382,155351,3303,5523,8958,9387
IND,2024-03-21 22:48:29,180488,154836,3203,5520,8621,9403
IND,2024-03-21 23:50:09,176947,151893,3112,5518,7922,9500
IND,2024-03-22 00:47:52,173686,150561,2903,5542,7097,8999
IND,2024-03-22 01:49:22,170049,148721,2896,5531,6312,8040
IND,2024-03-22 02:48:18,167663,147167,2891,5551,5439,7888
IND,2024-03-22 03:49:05,167939,147782,2907,5540,5601,7247
IND,2024-03-22 04:49:51,170980,149841,2919,5539,6748,6921
IND,2024-03-22 05:54:26,179912,155082,3132,5551,11087,6188
IND,2024-03-22 07:02:59,194796,162875,3314,5556,16914,6894
IND,2024-03-22 07:50:32,197436,158670,3337,5558,15429,14957
IND,2024-03-22 08:49:27,203008,153316,3334,5569,11366,29419
IND,2024-03-22 09:49:48,212295,153033,3073,5522,9856,40851
IND,2024-03-22 10:49:52,213581,150440,2856,5527,7931,47855
IND,2024-03-22 11:50:25,212610,147221,2849,5505,7397,50608
IND,2024-03-22 12:48:04,208483,143258,2835,5475,7022,50899
IND,2024-03-22 13:50:15,200758,137256,2827,5461,6809,49723
IND,2024-03-22 14:49:47,203056,141341,2840,5470,7698,46839
IND,2024-03-22 15:49:42,202844,147245,2826,5455,9456,38894
IND,2024-03-22 16:47:07,200169,154610,2943,5475,11209,27316
IND,2024-03-22 17:51:27,192390,155875,3252,5507,16146,13034
IND,2024-03-22 18:49:17,195064,161989,3251,5518,17969,7228
IND,2024-03-22 19:49:04,194652,163506,3235,5521,15666,7834
IND,2024-03-22 20:48:25,188090,159295,3313,5521,12615,8498
IND,2024-03-22 21:50:55,184054,156543,3305,5515,10908,9138
IND,2024-03-22 22:48:26,183405,156730,3228,5518,10185,9318
IND,2024-03-22 23:50:08,181274,154736,3205,5517,9848,9089
IND,2024-03-23 00:47:47,178027,154755,2966,5530,7661,8574
IND,2024-03-23 01:48:51,174036,151603,2870,5554,7240,7931
IND,2024-03-23 02:47:21,171662,149970,2875,5559,6993,7335
IND,2024-03-23 03:48:56,171661,151220,2878,5557,6306,6822
IND,2024-03-23 04:48:16,173586,152692,2910,5561,7139,6507
IND,2024-03-23 05:54:04,181518,157965,3132,5578,10942,5707
IND,2024-03-23 07:01:46,193163,162672,3302,5574,15826,6716
IND,2024-03-23 07:50:12,195281,157450,3300,5572,15050,14474
IND,2024-03-23 08:49:30,199953,151187,3348,5567,12034,27868
IND,2024-03-23 09:50:06,208661,150171,3121,5552,10976,39637
IND,2024-03-23 10:49:04,210892,147329,2937,5521,8559,47366
IND,2024-03-23 11:50:56,210374,144137,2879,5520,7897,50634
IND,2024-03-23 12:47:52,206617,140427,2902,5498,7491,50941
IND,2024-03-23 13:49:35,200890,136736,2805,5483,7026,49687
IND,2024-03-23 14:48:06,203892,142943,2860,5501,7730,45834
IND,2024-03-23 15:49:06,203118,150336,2829,5495,8798,36691
IND,2024-03-23 16:46:11,201744,158122,2980,5500,9871,26360
IND,2024-03-23 17:51:38,191740,156460,3205,5537,15772,12485
IND,2024-03-23 18:49:23,193998,160979,3200,5540,19302,6641
IND,2024-03-23 19:48:06,194078,162117,3224,5550,17818,6759
IND,2024-03-23 20:49:21,186869,160224,3261,5538,10995,8266
IND,2024-03-23 21:49:42,185595,157849,3244,5539,10307,10180
IND,2024-03-23 22:48:20,185258,157877,3169,5538,9685,10344
IND,2024-03-23 23:49:47,182593,157167,3020,5553,8245,9989
IND,2024-03-24 00:46:18,179301,155543,2830,5532,7284,9961
IND,2024-03-24 01:48:49,175592,152938,2642,5550,6760,9475
IND,2024-03-24 02:46:45,172888,151356,2615,5566,6181,8613
IND,2024-03-24 03:48:45,172504,151669,2641,5543,6949,7257
IND,2024-03-24 04:48:11,174054,153347,2632,5532,7699,6696
IND,2024-03-24 05:57:40,180090,157062,2794,5557,10763,5830
IND,2024-03-24 07:06:46,186969,156967,2967,5576,15252,7521
IND,2024-03-24 07:51:41,188981,152990,2998,5573,14159,14162
IND,2024-03-24 08:48:45,192151,148494,3003,5569,12019,23837
IND,2024-03-24 09:50:16,199072,145661,2628,5556,8848,37236
IND,2024-03-24 10:48:53,198868,139136,2570,5540,7102,45492
IND,2024-03-24 11:50:16,197099,135480,2592,5508,6503,48449
IND,2024-03-24 12:47:29,192425,129771,2604,5480,6130,50530
IND,2024-03-24 13:49:47,187732,125103,2603,5499,6436,50511
IND,2024-03-24 14:48:58,187483,129493,2601,5497,6599,45485
IND,2024-03-24 15:49:14,187141,133991,2628,5476,8333,38516
IND,2024-03-24 16:46:47,182902,140339,2736,5492,8425,28683
IND,2024-03-24 17:51:22,173051,138686,2917,5513,13957,15137
IND,2024-03-24 18:49:20,174324,143713,2946,5498,16104,9269
IND,2024-03-24 19:48:22,175646,145679,2948,5505,15081,7391
IND,2024-03-24 20:48:02,172023,144649,2822,5504,11721,8472
IND,2024-03-24 21:49:53,171929,146062,2804,5504,10404,8385
IND,2024-03-24 22:48:25,173005,148915,2804,5527,9490,7814
IND,2024-03-24 23:50:25,170546,149343,2809,5529,8049,6798
IND,2024-03-25 00:47:02,168564,149299,2571,5523,6682,6344
IND,2024-03-25 01:48:37,165267,147292,2509,5540,6054,6248
IND,2024-03-25 02:47:34,163502,145559,2516,5547,6334,5809
IND,2024-03-25 03:49:06,162519,146091,2470,5546,5585,5343
IND,2024-03-25 04:49:42,164075,146762,2513,5539,6762,4888
IND,2024-03-25 05:56:12,168532,147691,2497,5552,9835,4628
IND,2024-03-25 07:04:47,174532,146668,2482,5529,15029,6366
IND,2024-03-25 07:51:26,174509,140848,2450,5508,12915,13992
IND,2024-03-25 08:49:53,176019,133035,2378,5504,10153,26313
IND,2024-03-25 09:50:44,180717,126548,2365,5484,9471,38519
IND,2024-03-25 10:49:44,181323,121871,2364,5463,7872,46101
IND,2024-03-25 11:50:26,181170,118736,2362,5458,7368,49523
IND,2024-03-25 12:47:53,180006,117413,2341,5443,6728,50227
IND,2024-03-25 13:50:33,177045,116131,2350,5429,6917,48501
IND,2024-03-25 14:48:56,176419,121368,2371,5401,6598,42767
IND,2024-03-25 15:49:32,175267,128627,2362,5111,7533,33259
IND,2024-03-25 16:47:36,170195,132727,2484,5117,9105,22973
IND,2024-03-25 17:51:27,160272,129204,2617,5149,14072,11530
IND,2024-03-25 18:49:44,160945,132203,2630,5358,15700,6264
IND,2024-03-25 19:48:52,163818,136645,2638,5407,12940,6643
IND,2024-03-25 20:49:38,160181,134820,2546,5408,10892,7320
IND,2024-03-25 21:50:23,160546,135283,2509,5415,10329,7606
IND,2024-03-25 22:48:43,161606,138961,2497,5428,8571,7509
IND,2024-03-25 23:50:25,159231,137949,2512,5456,7989,6427
IND,2024-03-26 00:46:38,155499,136029,2501,5466,6827,5730
IND,2024-03-26 01:49:18,152733,133947,2531,5479,6756,5325
IND,2024-03-26 02:47:48,150837,132959,2564,5495,5849,5305
IND,2024-03-26 03:49:12,150963,133313,2574,5504,5820,5265
IND,2024-03-26 04:49:37,153681,134489,2587,5481,6803,5130
IND,2024-03-26 05:54:06,160413,137568,2670,5499,10180,5153
IND,2024-03-26 07:03:23,172739,142892,2683,5483,14975,7177
IND,2024-03-26 07:50:39,176663,140229,2696,5510,13401,15137
IND,2024-03-26 08:48:51,185160,139239,2715,5515,11228,26713
IND,2024-03-26 09:50:30,196254,140598,2817,5446,10574,37897
IND,2024-03-26 10:48:44,200538,140165,2776,5445,9006,44183
IND,2024-03-26 11:50:30,201634,138251,2757,5406,8348,49015
IND,2024-03-26 12:47:35,199058,134735,2737,5372,8246,49625
IND,2024-03-26 13:49:58,195309,131924,2745,5369,7968,49062
IND,2024-03-26 14:48:59,196180,137437,2919,5369,8013,44067
IND,2024-03-26 15:49:50,196401,143644,3083,4950,9355,36741
IND,2024-03-26 16:47:37,193619,149242,3079,5365,11497,26135
IND,2024-03-26 17:51:37,184060,148950,3313,5395,15731,12499
IND,2024-03-26 18:49:30,186994,155026,3361,5397,18395,7020
IND,2024-03-26 19:49:24,188683,159184,3405,5432,14866,7765
IND,2024-03-26 20:48:48,183053,156343,3361,5438,11452,8682
IND,2024-03-26 21:50:06,182141,154972,3366,5449,11408,8919
IND,2024-03-26 22:48:28,183840,157939,3310,5435,10844,8554
IND,2024-03-26 23:50:26,181421,156720,3226,5450,10471,7647
IND,2024-03-27 00:47:07,178154,155511,2914,5447,9060,7308
IND,2024-03-27 01:49:21,174142,152944,2916,5456,7825,7243
IND,2024-03-27 02:48:43,171209,151529,2908,5454,6593,7010
IND,2024-03-27 03:49:24,170896,150462,2916,5441,7744,6430
IND,2024-03-27 04:49:50,172676,152323,2926,5445,8308,5940
IND,2024-03-27 05:54:11,178473,156075,3147,5454,10719,5501
IND,2024-03-27 07:03:57,187163,157417,3340,5474,15592,7288
IND,2024-03-27 07:50:39,189948,152439,3290,5470,14631,15024
IND,2024-03-27 08:49:45,196314,148623,3265,5445,10906,28336
IND,2024-03-27 09:50:31,206704,149437,3121,5416,10009,39638
IND,2024-03-27 10:49:29,210274,148227,2959,5429,8568,47058
IND,2024-03-27 11:50:17,209584,144113,2920,5240,8385,50488
IND,2024-03-27 12:48:10,207516,141561,2961,5217,7389,51899
IND,2024-03-27 13:50:24,204811,139078,2968,5213,7962,50711
IND,2024-03-27 14:49:39,206626,144435,3152,5198,7747,48648
IND,2024-03-27 15:49:41,207018,151651,3174,5192,9651,38649
IND,2024-03-27 16:46:55,202020,157076,3465,5202,11493,26733
IND,2024-03-27 17:51:42,193276,155427,3400,5225,15753,15198
IND,2024-03-27 18:49:42,196001,160283,3403,5246,19564,8612
IND,2024-03-27 19:49:07,197548,163837,3528,5236,16472,8646
IND,2024-03-27 20:49:28,192555,163207,3548,5234,12591,8844
IND,2024-03-27 21:50:39,192003,163288,3556,5257,11784,9236
IND,2024-03-27 22:48:37,192719,163938,3547,5272,11375,9215
IND,2024-03-27 23:50:46,190544,163159,3551,5278,9840,9194
IND,2024-03-28 00:46:47,187267,162231,3162,5285,8749,8773
IND,2024-03-28 01:49:07,183210,161232,3009,5277,7161,7758
IND,2024-03-28 02:47:23,180254,160461,2994,5455,6968,6879
IND,2024-03-28 03:49:24,180073,160512,2995,5462,7049,6620
IND,2024-03-28 04:48:25,181181,160284,3285,5452,7682,6382
IND,2024-03-28 05:54:42,186310,161474,3588,5470,11114,5681
IND,2024-03-28 07:03:46,192966,161104,3596,5467,16698,6687
IND,2024-03-28 07:51:27,194764,157448,3383,5474,14403,14615
IND,2024-03-28 08:49:42,201268,154007,3404,5490,11561,27709
IND,2024-03-28 09:49:54,211117,153690,3179,5480,10947,39080
IND,2024-03-28 10:49:34,214004,151895,3008,5453,9869,45880
IND,2024-03-28 11:50:10,214199,149255,3003,5437,8704,49739
IND,2024-03-28 12:47:34,211063,146891,2982,5433,8016,49753
IND,2024-03-28 13:49:55,208449,146079,2990,5409,7574,48732
IND,2024-03-28 14:49:06,213046,153090,3003,5421,8576,45927
IND,2024-03-28 15:49:22,213117,158065,3194,5403,9686,39020
IND,2024-03-28 16:47:42,208558,162022,3688,5417,12211,27428
IND,2024-03-28 17:51:34,198304,161476,4039,5413,16329,13159
IND,2024-03-28 18:49:33,201097,164683,4419,5394,20887,7024
IND,2024-03-28 19:49:22,201412,165434,4256,5433,19534,7305
IND,2024-03-28 20:49:31,197476,165219,3645,5424,15962,8565
IND,2024-03-28 21:50:20,196687,165438,3677,5450,14843,8774
IND,2024-03-28 22:49:23,197296,164897,3748,5442,15362,9064
IND,2024-03-28 23:50:24,196079,165450,3832,5458,14466,8456
IND,2024-03-29 00:46:11,192338,165132,3982,5470,11980,8106
IND,2024-03-29 01:49:54,187862,163922,3672,5464,8614,8969
IND,2024-03-29 02:48:07,184807,162665,3504,5466,7649,8572
IND,2024-03-29 03:48:51,184172,161460,3525,5476,8043,8604
IND,2024-03-29 04:48:42,185171,162263,3446,5468,8684,8087
IND,2024-03-29 05:54:44,189524,164094,3597,5484,11426,7373
IND,2024-03-29 07:03:30,194302,163669,3329,5487,15165,8257
IND,2024-03-29 07:50:34,195934,160390,3369,5482,13109,14933
IND,2024-03-29 08:48:57,202522,156922,3327,5492,10582,27667
IND,2024-03-29 09:50:11,213335,157313,3096,5479,10005,39452
IND,2024-03-29 10:51:01,217697,156662,3017,5444,8579,46189
IND,2024-03-29 11:50:18,218933,154793,3032,5448,8273,50514
IND,2024-03-29 12:48:28,216830,152731,3018,5446,8057,50779
IND,2024-03-29 13:50:03,212735,150857,2987,5431,7473,49507
IND,2024-03-29 14:49:20,216732,156346,3025,5426,9341,45758
IND,2024-03-29 15:51:17,214722,161555,3072,5430,10112,37255
IND,2024-03-29 16:48:27,209565,164201,3747,5426,10750,26901
IND,2024-03-29 17:51:36,196963,161651,3951,5132,15286,13236
IND,2024-03-29 18:49:43,198713,164522,4414,5137,18700,7802
IND,2024-03-29 19:48:46,200602,166572,4071,5150,16841,7766
IND,2024-03-29 20:49:21,194202,165539,3772,5153,12365,8492
IND,2024-03-29 21:50:20,195557,166230,3762,4338,12282,8276
IND,2024-03-29 22:48:35,197428,167476,3912,4335,12685,8478
IND,2024-03-29 23:50:05,196142,167552,3959,4334,11787,8358
IND,2024-03-30 00:46:57,192264,166493,3819,4334,9449,8147
IND,2024-03-30 01:49:39,187464,164333,3421,4343,8010,8089
IND,2024-03-30 02:47:51,183700,162465,3166,4319,7187,7976
IND,2024-03-30 03:49:09,181631,160333,2920,4343,7279,7822
IND,2024-03-30 04:48:10,181536,159534,3035,4328,8027,8063
IND,2024-03-30 05:54:30,185270,160663,3209,4338,10677,8242
IND,2024-03-30 07:02:10,189355,159568,3332,4343,14513,9526
IND,2024-03-30 07:49:58,190034,154330,3301,4330,12544,17713
IND,2024-03-30 08:50:06,197106,150523,3313,4334,10157,31192
IND,2024-03-30 09:49:47,208015,150579,3096,4326,10227,42366
IND,2024-03-30 10:49:57,212049,149682,2943,4302,8597,49280
IND,2024-03-30 11:50:06,212403,146792,2957,4310,8400,52789
IND,2024-03-30 12:48:16,209765,143686,2970,4323,7626,54080
IND,2024-03-30 13:50:09,206734,141010,2926,4313,7541,53420
IND,2024-03-30 14:47:56,210830,148562,2960,4310,8173,49834
IND,2024-03-30 15:49:32,211316,154138,3152,4307,10764,41836
IND,2024-03-30 16:47:11,206130,158371,3234,4290,12098,30693
IND,2024-03-30 17:51:11,196398,158703,3422,4304,15838,16030
IND,2024-03-30 18:49:50,198744,164904,3683,4292,18255,8849
IND,2024-03-30 19:48:04,201892,168570,3728,4315,16546,7910
IND,2024-03-30 20:49:14,195830,166287,3706,4315,13589,9189
IND,2024-03-30 21:50:26,195258,164935,3629,4321,12611,10072
IND,2024-03-30 22:48:11,195746,166621,3785,4322,11782,9507
IND,2024-03-30 23:50:11,193755,166593,3914,4328,11051,8355
IND,2024-03-31 00:46:26,189190,164686,4002,4316,9385,8247
IND,2024-03-31 01:48:22,184115,161970,3668,4334,8066,7747
IND,2024-03-31 02:47:04,180967,160670,3218,4340,7556,6805
IND,2024-03-31 03:49:07,179099,158737,2983,4309,8642,6183
IND,2024-03-31 04:48:01,178688,158576,2945,4304,8595,5909
IND,2024-03-31 05:57:53,180788,158816,3045,4317,11125,5387
IND,2024-03-31 07:06:57,182707,154724,3018,4302,14191,7997
IND,2024-03-31 07:51:29,183291,148079,3074,4295,13520,15901
IND,2024-03-31 08:49:39,188066,143021,3008,4311,11170,28488
IND,2024-03-31 09:50:29,196981,140899,2918,4329,9396,41300
IND,2024-03-31 10:48:50,200499,138832,2930,4251,8288,47950
IND,2024-03-31 11:50:00,200198,136477,2936,4233,7777,50951
IND,2024-03-31 12:47:57,198406,134860,2933,4377,7159,51456
IND,2024-03-31 13:50:06,195292,132175,2904,4389,7092,50845
IND,2024-03-31 14:48:19,196079,135701,2892,4328,7718,48203
IND,2024-03-31 15:49:37,195919,141187,3096,4363,9337,42588
IND,2024-03-31 16:47:22,191643,148495,3298,4406,11364,26932
IND,2024-03-31 17:51:22,181904,148287,3252,4439,16009,12004
IND,2024-03-31 18:50:03,185351,154807,3238,4548,18643,5586
IND,2024-03-31 19:48:00,190646,159682,3267,4564,18158,6257
IND,2024-03-31 20:48:24,188190,158954,3253,4588,14962,7412
IND,2024-03-31 21:49:58,189557,159964,3379,4562,13718,9164
IND,2024-03-31 22:48:15,192317,162387,3459,4586,13491,9932
IND,2024-03-31 23:49:56,190368,162457,3449,4719,12365,8986
IND,2024-04-01 00:47:11,186742,162520,3585,4714,9133,8316
IND,2024-04-01 01:49:39,181831,159202,3417,4725,8238,7892
IND,2024-04-01 02:46:55,178156,156605,3129,4727,8305,7627
IND,2024-04-01 03:49:52,177297,155645,3220,4745,8129,7694
IND,2024-04-01 04:48:03,178506,156173,3309,4751,9396,7101
IND,2024-04-01 05:58:19,184049,159048,3465,4770,12649,6020
IND,2024-04-01 07:07:52,189311,159524,3606,4791,15099,9016
IND,2024-04-01 07:53:12,188777,153008,3620,4798,12707,17104
IND,2024-04-01 08:49:38,193938,148376,3785,4789,10407,29349
IND,2024-04-01 09:50:03,204485,148286,3538,4780,10087,40290
IND,2024-04-01 10:49:24,206645,144297,3281,4990,9308,46959
IND,2024-04-01 11:50:29,204323,140179,3267,5098,7522,50184
IND,2024-04-01 12:48:51,201316,135473,3297,5011,7288,52180
IND,2024-04-01 13:50:39,195464,132069,3305,5022,7310,49959
IND,2024-04-01 14:49:43,199340,139026,3345,5037,8330,45838
IND,2024-04-01 15:49:44,200456,145415,3806,5050,10812,37912
IND,2024-04-01 16:48:49,198219,153095,4621,5074,11216,27106
IND,2024-04-01 17:51:46,191339,156548,4747,5078,13713,13645
IND,2024-04-01 18:49:35,195364,161993,4966,5111,16987,7780
IND,2024-04-01 19:48:52,199144,164844,4974,5084,18434,6949
IND,2024-04-01 20:49:16,193704,163189,4935,5099,14635,7484
IND,2024-04-01 21:50:13,195848,165810,4987,5112,13622,7844
IND,2024-04-01 22:49:52,196656,166702,5074,5138,13249,7681
IND,2024-04-01 23:51:25,194997,167193,5212,5126,11204,7387
IND,2024-04-02 00:49:28,190493,167325,3832,5159,8912,6874
IND,2024-04-02 01:49:52,186359,164844,3655,5177,7759,6778
IND,2024-04-02 02:48:17,182860,161451,3293,5181,8109,6700
IND,2024-04-02 03:48:55,181781,160747,3236,5161,8389,6106
IND,2024-04-02 04:49:36,182235,161071,3249,5175,9262,5291
IND,2024-04-02 05:55:00,187444,164093,3302,5188,11887,4932
IND,2024-04-02 07:06:04,192333,162261,3400,5193,16112,7493
IND,2024-04-02 07:51:23,191821,155812,3371,5177,12695,16167
IND,2024-04-02 08:49:41,196925,150680,3522,5169,9856,29197
IND,2024-04-02 09:49:45,206018,149643,3304,5144,9672,40595
IND,2024-04-02 10:48:42,208401,146539,3337,5170,8196,47375
IND,2024-04-02 11:50:12,207026,143311,3317,5157,7519,49041
IND,2024-04-02 12:48:52,202659,139791,3296,5152,6967,49308
IND,2024-04-02 13:50:04,200183,137968,3312,5107,6738,48561
IND,2024-04-02 14:48:58,203927,144411,3399,5123,8634,43470
IND,2024-04-02 15:49:38,206473,153333,3826,5087,10264,34819
IND,2024-04-02 16:47:08,204126,160052,4697,5085,10199,24664
IND,2024-04-02 17:51:29,196582,160669,4771,5099,13301,13391
IND,2024-04-02 18:49:26,198562,163734,5047,5101,18021,6991
IND,2024-04-02 19:48:47,202682,165948,5266,5119,19779,6935
IND,2024-04-02 20:49:27,197664,164681,5174,5121,15673,7569
IND,2024-04-02 21:50:15,198217,165646,5300,5114,14288,7995
IND,2024-04-02 22:49:26,200236,166238,5576,5118,14997,8187
IND,2024-04-02 23:50:23,197574,164626,5805,5126,14025,8270
IND,2024-04-03 00:46:20,193531,164365,4821,5125,11173,8189
IND,2024-04-03 01:48:51,188479,162672,4488,5141,8618,7910
IND,2024-04-03 02:48:12,184376,161051,3874,5152,7800,6780
IND,2024-04-03 03:50:06,183316,160258,3493,5181,8107,6760
IND,2024-04-03 04:49:34,184340,161059,3556,5159,8869,6408
IND,2024-04-03 05:54:50,189184,163180,3783,5169,11547,5874
IND,2024-04-03 07:04:13,195108,162940,3423,5168,16296,7917
IND,2024-04-03 07:51:00,194578,157558,3193,5176,13912,15115
IND,2024-04-03 08:49:38,199810,155295,3203,5169,9168,26863
IND,2024-04-03 09:50:01,209864,153914,3229,5132,8416,39518
IND,2024-04-03 10:49:21,212240,149164,3258,5121,7441,47788
IND,2024-04-03 11:50:16,210182,146314,3267,5080,6910,49578
IND,2024-04-03 12:48:13,208089,143218,3190,5138,6287,50930
IND,2024-04-03 13:50:11,204760,142338,3179,5125,6254,49193
IND,2024-04-03 14:49:28,209826,151583,3298,4798,7204,44094
IND,2024-04-03 15:49:57,209907,158013,3661,4813,9245,35513
IND,2024-04-03 16:47:25,207259,161912,4710,4811,9901,26940
IND,2024-04-03 17:51:34,199050,163808,4906,4830,11265,14802
IND,2024-04-03 18:57:32,203736,165565,5292,4853,20186,8042
IND,2024-04-03 19:48:54,206034,165529,5396,4930,22123,8109
IND,2024-04-03 20:48:49,201014,164856,5481,5159,17983,8223
IND,2024-04-03 21:50:07,201765,167126,5559,5168,15970,8366
IND,2024-04-03 22:48:54,204252,168105,6067,5175,16188,8520
IND,2024-04-03 23:50:14,201655,166927,6295,5172,15057,8347
IND,2024-04-04 00:47:43,196385,166859,4888,5187,11755,7985
IND,2024-04-04 01:50:05,191452,166378,4341,5187,8958,7537
IND,2024-04-04 02:47:43,188568,165473,4110,5194,8120,6928
IND,2024-04-04 03:48:29,187411,164012,4105,5198,8843,6624
IND,2024-04-04 04:48:29,188716,164740,4090,5203,9565,6420
IND,2024-04-04 05:55:44,194244,167775,4110,5195,12416,5782
IND,2024-04-04 07:04:34,197528,164803,4150,5194,16658,8498
IND,2024-04-04 07:51:24,197684,160604,3499,5192,14285,15352
IND,2024-04-04 08:49:54,203944,158386,3380,5196,9195,28720
IND,2024-04-04 09:50:12,213386,159096,3324,5127,7998,39826
IND,2024-04-04 10:49:36,215437,155710,3380,5151,7305,45875
IND,2024-04-04 11:50:07,214565,152500,3363,5163,6298,49332
IND,2024-04-04 12:49:16,211572,150554,3413,5145,5940,48319
IND,2024-04-04 13:50:09,207756,148850,3409,5140,5603,46532
IND,2024-04-04 14:49:08,214383,157357,3376,5129,6884,43067
IND,2024-04-04 15:49:30,214917,165084,4080,5161,8945,32747
IND,2024-04-04 16:46:58,209334,167230,5000,5317,10454,22946
IND,2024-04-04 17:51:24,201008,167363,5389,5318,12561,11526
IND,2024-04-04 18:49:17,202707,167415,5914,5336,19118,5517
IND,2024-04-04 19:49:16,206089,167655,6230,5344,21171,6178
IND,2024-04-04 20:48:52,202475,168311,5797,5359,15886,7638
IND,2024-04-04 21:50:13,203669,168833,5907,5350,15030,8302
IND,2024-04-04 22:48:24,205504,169461,5980,5353,15899,8493
IND,2024-04-04 23:50:21,203896,169071,5714,5371,14852,8801
IND,2024-04-05 00:47:41,200065,168854,4637,5362,12128,9074
IND,2024-04-05 01:49:28,194923,166327,4497,5395,10644,8905
IND,2024-04-05 02:47:37,191242,165492,4262,5394,8179,8645
IND,2024-04-05 03:48:42,189754,164832,4088,5396,7852,8490
IND,2024-04-05 04:49:25,190545,165897,4170,5158,7999,8297
IND,2024-04-05 05:55:17,194913,168167,4009,5015,10805,7862
IND,2024-04-05 07:04:09,197683,167809,3976,4890,13150,9335
IND,2024-04-05 07:50:52,199027,164430,3978,4877,9959,17063
IND,2024-04-05 08:50:08,205534,161551,3408,4900,8048,28202
IND,2024-04-05 09:50:51,215503,160460,3483,4864,8248,39296
IND,2024-04-05 10:49:07,217520,157080,3486,5165,7299,45268
IND,2024-04-05 11:50:25,215710,154875,3476,5281,7426,46242
IND,2024-04-05 12:48:01,211590,147465,3945,5298,6736,49343
IND,2024-04-05 13:51:37,208814,146963,3550,5319,6761,47248
IND,2024-04-05 14:48:30,214396,154804,3718,5303,7785,44079
IND,2024-04-05 15:50:04,215153,160409,4928,5309,9222,36412
IND,2024-04-05 16:47:11,209870,163696,5279,5305,10158,26227
IND,2024-04-05 17:51:28,201145,164831,5859,5343,12113,13975
IND,2024-04-05 18:49:50,204533,166748,6399,5351,19202,7233
IND,2024-04-05 19:49:46,209472,169145,6257,5359,22721,6400
IND,2024-04-05 20:49:11,204927,169622,5638,5348,17649,7001
IND,2024-04-05 21:50:59,205529,170704,5847,5318,17204,7433
IND,2024-04-05 22:49:11,206357,171103,5931,5421,18101,7871
IND,2024-04-05 23:50:27,203778,171482,6137,5431,15405,7757
IND,2024-04-06 00:47:30,200089,170297,4992,5436,14500,7554
IND,2024-04-06 01:49:27,196438,168462,4657,5446,11123,7296
IND,2024-04-06 02:47:49,192652,167116,4043,5463,8655,7826
IND,2024-04-06 03:49:06,190151,165750,3996,5465,7809,7683
IND,2024-04-06 04:49:20,190687,165803,3927,5490,8321,7606
IND,2024-04-06 05:54:41,196159,169644,3925,5480,10632,7168
IND,2024-04-06 07:02:55,196656,166655,4222,5476,11765,9100
IND,2024-04-06 07:50:25,196714,161236,3832,5475,9580,16468
IND,2024-04-06 08:49:26,201249,155239,3289,5477,7298,28270
IND,2024-04-06 09:50:13,210519,154883,3141,5453,6199,38248
IND,2024-04-06 10:48:55,213267,150406,3133,5433,6401,45224
IND,2024-04-06 11:50:51,214450,148775,3125,5429,6128,51913
IND,2024-04-06 15:49:25,215410,156085,7383,5408,7408,39921
IND,2024-04-06 16:46:41,211146,158962,10527,5417,7950,29021
IND,2024-04-06 17:51:18,202192,159825,11227,5424,11842,14456
IND,2024-04-06 18:49:29,203769,160945,12409,5427,18524,6624
IND,2024-04-06 19:48:05,208956,170544,4875,5413,22079,6279
IND,2024-04-06 20:48:36,204356,169658,4913,5425,17811,6972
IND,2024-04-06 21:50:23,204675,168037,4798,5427,19212,7549
IND,2024-04-06 22:48:33,207250,169869,4945,5428,19333,7901
IND,2024-04-06 23:50:02,205169,169967,5056,5429,16544,8604
IND,2024-04-07 00:45:59,201337,168838,4407,5470,14243,8873
IND,2024-04-07 01:49:40,196722,167012,3942,5469,11603,9155
IND,2024-04-07 02:48:02,192624,164860,3775,5467,9080,10169
IND,2024-04-07 03:48:43,191214,163677,3549,5477,8813,10330
IND,2024-04-07 04:48:36,190093,163918,3634,5465,8380,9480
IND,2024-04-07 05:58:04,191509,165262,3248,5462,9681,8259
IND,2024-04-07 07:06:57,191914,162950,3028,5484,10428,10496
IND,2024-04-07 07:51:45,190610,156708,2825,5482,8365,18701
IND,2024-04-07 08:49:30,193187,146978,2873,5494,7535,30536
IND,2024-04-07 09:50:19,199106,142936,2890,5475,7167,40482
IND,2024-04-07 10:49:28,200212,138313,2904,5463,6449,46105
IND,2024-04-07 11:50:12,199824,136470,2899,5456,5873,48378
IND,2024-04-07 12:47:17,196818,132935,2901,5468,5754,49221
IND,2024-04-07 13:50:20,193015,131836,2883,5439,5710,46636
IND,2024-04-07 14:48:22,195207,136975,2854,5434,6332,43389
IND,2024-04-07 15:48:57,194660,144156,2995,5438,6512,36012
IND,2024-04-07 16:47:42,191507,150651,3873,5449,7039,25135
IND,2024-04-07 17:51:21,184170,153127,3891,5431,9598,13078
IND,2024-04-07 18:50:18,186839,155322,4070,5444,15645,6899
IND,2024-04-07 19:48:35,193835,161218,4317,5430,16124,7271
IND,2024-04-07 20:49:10,190649,160254,4405,5439,13514,7473
IND,2024-04-07 21:49:48,194220,161710,4380,5465,15541,7435
IND,2024-04-07 22:48:21,197788,165423,4409,5460,15485,7469
IND,2024-04-07 23:50:03,194964,166633,4423,5463,11720,7126
IND,2024-04-08 00:46:03,191014,165147,3952,5456,10235,6891
IND,2024-04-08 01:48:49,185703,162851,3723,5465,7913,6329
IND,2024-04-08 02:48:04,181669,159456,3527,5475,7282,6391
IND,2024-04-08 03:48:28,179988,158190,3231,5471,7465,6348
IND,2024-04-08 04:49:12,180687,158558,3584,5469,7640,6071
IND,2024-04-08 05:56:17,185523,162767,3881,5482,8597,5704
IND,2024-04-08 07:04:56,190245,162650,4002,5498,10525,8219
IND,2024-04-08 07:51:28,188632,153690,3465,5498,10097,17391
IND,2024-04-08 08:49:49,196152,149214,3121,5485,8091,30023
IND,2024-04-08 09:50:03,205667,147858,3165,5468,8058,40707
IND,2024-04-08 10:49:20,208398,143495,3738,5471,7804,49280
IND,2024-04-08 11:50:21,208299,141674,3743,5449,6768,51958
IND,2024-04-08 12:49:50,205527,138740,3778,5429,6331,52327
IND,2024-04-08 13:50:16,201827,136500,3681,5427,6504,51213
IND,2024-04-08 14:49:42,208496,145662,3819,5406,7739,46886
IND,2024-04-08 15:50:02,207923,153321,4251,5414,8410,38736
IND,2024-04-08 16:47:21,205751,160510,5030,5422,9197,27820
IND,2024-04-08 17:51:29,198033,163996,5465,5405,11239,13563
IND,2024-04-08 18:49:35,199478,166357,6036,5431,16172,6691
IND,2024-04-08 19:49:29,204930,168264,6050,5421,19202,6873
IND,2024-04-08 20:48:22,199863,165843,6126,5428,15353,7987
IND,2024-04-08 21:50:37,200419,166471,5830,5432,15747,8026
IND,2024-04-08 22:49:06,201310,166404,6146,5447,16250,8050
IND,2024-04-08 23:50:46,197243,167696,6122,5435,10906,7982
IND,2024-04-09 00:47:19,193319,167230,5327,5438,9136,7415
IND,2024-04-09 01:49:53,188222,163934,4705,5438,8464,6458
IND,2024-04-09 02:48:02,184540,162075,4423,5428,7273,6264
IND,2024-04-09 03:49:52,183115,160905,4292,5460,6728,6332
IND,2024-04-09 04:49:27,184345,161461,4140,5443,7387,6418
IND,2024-04-09 05:55:24,189319,165692,3968,5434,8888,6040
IND,2024-04-09 07:04:23,192297,165679,3891,5440,9828,8803
IND,2024-04-09 07:51:01,192138,157155,3993,5451,9493,17081
IND,2024-04-09 08:50:00,197298,152169,3612,5462,7311,29660
IND,2024-04-09 09:50:16,206070,147804,3833,5449,8259,42001
IND,2024-04-09 10:49:01,207835,144380,3816,5437,6998,48908
IND,2024-04-09 11:50:22,206563,141794,3599,5429,6655,50020
IND,2024-04-09 12:48:54,202815,137536,3628,5426,7161,50977
IND,2024-04-09 13:50:14,199531,137783,3650,5409,7691,46821
IND,2024-04-09 14:49:51,206040,150650,3668,5414,7727,40026
IND,2024-04-09 15:50:07,205858,158035,3810,5403,7590,33269
IND,2024-04-09 16:48:45,200824,161724,4511,5415,7977,23190
IND,2024-04-09 17:51:46,194029,161628,4890,5409,10230,13515
IND,2024-04-09 18:49:32,195790,161385,5066,5407,16113,8542
IND,2024-04-09 19:49:02,200511,164165,5392,5416,17991,8582
IND,2024-04-09 20:49:51,197291,164089,5341,5431,13973,9217
IND,2024-04-09 21:50:17,199162,165110,5321,5433,14484,9815
IND,2024-04-09 22:48:51,200777,165658,5357,5433,14876,10194
IND,2024-04-09 23:49:50,197969,167113,5435,5450,10569,9996
IND,2024-04-10 00:45:52,193063,164507,4912,5450,9380,9562
IND,2024-04-10 01:48:58,188740,162977,4455,5442,8150,9245
IND,2024-04-10 02:48:22,185147,161052,4200,5443,6835,8732
IND,2024-04-10 03:48:55,183650,160440,3959,5460,6464,8421
IND,2024-04-10 04:49:03,183456,159886,4114,5463,6892,8369
IND,2024-04-10 05:54:42,189472,165271,4162,5473,7985,7837
IND,2024-04-10 07:03:38,193476,165549,4240,5466,9721,10537
IND,2024-04-10 07:51:01,192856,159787,3815,5482,8289,17534
IND,2024-04-10 08:49:43,198137,153093,3797,5485,7132,30131
IND,2024-04-10 09:50:29,206468,151619,3780,5468,6364,41611
IND,2024-04-10 10:48:47,209248,147895,3730,5445,6299,47480
IND,2024-04-10 11:50:27,208584,143880,3717,5440,6407,51332
IND,2024-04-10 12:49:28,205184,140243,3721,5408,6596,50783
IND,2024-04-10 13:50:48,204473,140981,3674,5405,6743,49638
IND,2024-04-10 14:49:47,208013,151010,3698,5374,8205,41895
IND,2024-04-10 15:49:45,207814,157308,3687,5404,8470,34942
IND,2024-04-10 16:48:30,202716,159421,4209,5390,8172,27916
IND,2024-04-10 17:51:21,193430,160276,4316,5385,9869,15417
IND,2024-04-10 18:49:35,194908,163114,4546,5374,14894,8796
IND,2024-04-10 19:48:42,199259,164900,4678,5402,17307,8684
IND,2024-04-10 20:49:30,195575,163055,5306,5416,14133,9571
IND,2024-04-10 21:50:42,197905,162389,5372,5429,15502,10874
IND,2024-04-10 22:48:21,200268,165479,5335,5442,14953,10473
IND,2024-04-10 23:50:38,197996,167568,5531,5443,10932,9269
IND,2024-04-11 00:47:41,193480,166909,4799,5432,9138,8380
IND,2024-04-11 01:49:08,189208,164787,4591,5447,8119,7400
IND,2024-04-11 02:48:05,185386,161716,4798,5134,8064,6819
IND,2024-04-11 03:49:45,182169,159590,4796,5129,7410,6411
IND,2024-04-11 04:49:36,183528,161268,4755,5120,7824,5740
IND,2024-04-11 05:55:41,188506,165111,4815,5135,9056,6071
IND,2024-04-11 07:05:02,191855,164716,4246,5156,10273,8942
IND,2024-04-11 07:51:34,191721,157681,3780,5146,9472,16874
IND,2024-04-11 08:49:25,195108,151054,3639,5129,7876,28515
IND,2024-04-11 09:49:52,202902,148022,3691,5141,7668,39317
IND,2024-04-11 10:49:17,204330,143478,3677,5132,7664,45094
IND,2024-04-11 11:50:27,203476,141110,3582,5108,7202,47764
IND,2024-04-11 12:48:52,201117,139027,3538,5100,6854,48343
IND,2024-04-11 13:50:39,197615,138505,3549,5078,6290,45546
IND,2024-04-11 14:49:31,202600,147853,3673,5093,6781,41127
IND,2024-04-11 15:49:49,201282,152820,3700,5096,7905,34279
IND,2024-04-11 16:47:44,196296,155478,4111,5089,8342,25235
IND,2024-04-11 17:51:32,187558,155005,5045,5103,10914,13466
IND,2024-04-11 18:49:50,190531,157701,4731,5082,15879,8553
IND,2024-04-11 19:49:10,196134,161413,4910,5084,16842,9479
IND,2024-04-11 20:49:31,192177,159758,5175,5106,13011,10582
IND,2024-04-11 21:50:29,193659,159829,5078,5108,14085,10946
IND,2024-04-11 22:49:31,195717,162147,5146,5123,13959,10254
IND,2024-04-11 23:50:11,193436,164812,5161,5120,10540,8725
IND,2024-04-12 00:46:47,189192,165075,4682,5114,7728,7639
IND,2024-04-12 01:49:35,184185,161665,4662,5110,7396,6511
IND,2024-04-12 02:48:25,180554,160400,3638,5097,7049,5731
IND,2024-04-12 03:49:13,179094,159556,3516,5114,6446,5682
IND,2024-04-12 04:49:36,180248,159750,3501,5111,7291,5684
IND,2024-04-12 05:55:52,186404,165090,3543,5130,8075,5798
IND,2024-04-12 07:04:36,190034,164468,3560,5126,9795,9075
IND,2024-04-12 07:52:03,190383,157962,3523,5124,8431,16895
IND,2024-04-12 08:49:47,194671,150191,3588,5124,7292,30350
IND,2024-04-12 09:50:25,203115,147519,3632,5099,7196,41780
IND,2024-04-12 10:49:59,206081,143318,3549,5125,6632,49046
IND,2024-04-12 11:50:28,204949,141130,3542,5097,6067,50813
IND,2024-04-12 12:50:17,203173,139773,2946,5081,6801,50054
IND,2024-04-12 13:50:26,200446,140290,2933,5064,6930,46150
IND,2024-04-12 14:49:44,203826,149777,2960,5064,7247,39792
IND,2024-04-12 15:49:52,203108,157321,2962,5025,7191,31611
IND,2024-04-12 16:48:43,195429,160037,3748,4822,6714,21275
IND,2024-04-12 17:51:34,189784,159004,4209,4860,9143,13992
IND,2024-04-12 18:49:40,195607,162616,4395,4847,14923,9923
IND,2024-04-12 19:48:55,199294,163920,4497,4865,16925,9733
IND,2024-04-12 20:49:44,195846,164350,4419,5025,12999,9783
IND,2024-04-12 21:50:11,197531,165088,4430,5067,13895,9722
IND,2024-04-12 22:49:07,198369,166257,4477,5122,13781,9179
IND,2024-04-12 23:50:01,195258,167324,4618,5123,10935,7498
IND,2024-04-13 00:47:09,191143,167121,3750,5146,8845,7280
IND,2024-04-13 01:48:46,186530,164915,3502,5138,7528,6379
IND,2024-04-13 02:47:13,182246,161651,3436,5184,7199,5245
IND,2024-04-13 03:48:11,179238,159338,3194,5199,6818,5547
IND,2024-04-13 04:46:47,179334,159998,2996,5214,7773,4341
IND,2024-04-13 05:53:31,184959,165508,3165,5215,8044,3660
IND,2024-04-13 06:55:27,188593,165466,2950,5216,10657,5554
IND,2024-04-13 07:47:55,188429,160945,2788,5209,8776,12058
IND,2024-04-13 08:47:14,190655,153370,2791,5224,7581,23930
IND,2024-04-13 09:49:35,195743,149254,2796,5210,6902,33653
IND,2024-04-13 10:49:28,198218,146697,2813,5207,6560,38706
IND,2024-04-13 11:48:54,198705,144188,2768,5225,6060,42068
IND,2024-04-13 12:47:23,197489,140676,2710,5231,5597,45358
IND,2024-04-13 13:48:51,195581,142243,2722,5245,5616,41744
IND,2024-04-13 14:46:26,200661,147892,2776,5246,6309,40605
IND,2024-04-13 15:48:20,199838,151751,2927,5256,7132,35402
IND,2024-04-13 16:45:39,193402,154331,3604,5254,7062,26206
IND,2024-04-13 17:50:49,187987,155538,3953,5269,9470,16081
IND,2024-04-13 18:48:21,190438,154834,4284,5252,16800,11092
IND,2024-04-13 19:48:17,195629,159763,4248,5245,17027,10073
IND,2024-04-13 20:46:11,192365,159872,4184,5254,16172,7835
IND,2024-04-13 21:49:53,193800,162984,4238,5263,15729,6567
IND,2024-04-13 22:46:48,195816,163085,4460,5282,16769,7022
IND,2024-04-13 23:49:05,193029,165626,4454,5275,12587,5749
IND,2024-04-14 00:45:58,188747,165123,3307,5270,10470,5428
IND,2024-04-14 01:47:05,184036,161549,2964,5294,9426,5563
IND,2024-04-14 02:46:49,180724,159498,2712,5322,8653,5432
IND,2024-04-14 03:47:58,178084,158921,2744,5325,7398,4656
IND,2024-04-14 04:50:03,178647,160088,2734,5338,7756,3578
IND,2024-04-14 05:58:04,181766,161709,2706,5374,9434,3411
IND,2024-04-14 07:15:03,182233,157711,2717,5383,9881,7799
IND,2024-04-14 08:22:49,182691,146881,2741,5374,7474,21109
IND,2024-04-14 09:11:56,185464,140625,2735,5370,7014,30742
IND,2024-04-14 09:58:35,188826,136105,2746,5358,6130,39776
IND,2024-04-14 11:14:42,189872,131124,2655,5355,5257,47124
IND,2024-04-14 13:03:34,186105,127085,2625,5341,5259,47356
IND,2024-04-14 14:27:06,186886,133545,2704,5319,5868,41122
IND,2024-04-14 16:01:15,189543,142370,2805,5311,7588,32815
IND,2024-04-14 17:52:15,177534,145102,3440,5306,9742,15660
IND,2024-04-14 19:55:00,190024,155904,3601,5320,17495,9102
IND,2024-04-14 22:12:41,193777,159645,3614,5336,17930,7976
IND,2024-04-15 00:55:56,189424,164026,3145,5337,10946,6130
IND,2024-04-15 03:52:11,179537,160024,2754,5377,8084,4753
IND,2024-04-15 05:10:02,181980,161993,2778,5394,8800,4637
IND,2024-04-15 08:11:51,190489,155881,2823,5406,8965,18743
IND,2024-04-15 09:33:21,204129,153997,2768,5395,9003,33407
IND,2024-04-15 09:53:56,205744,154039,2770,5385,8923,35465
IND,2024-04-15 10:48:17,207876,149016,2619,5404,8351,43161
IND,2024-04-15 11:50:34,208186,146266,2601,5349,7329,48076
IND,2024-04-15 12:46:23,205479,145159,2624,5356,7151,46293
IND,2024-04-15 13:49:13,202626,143609,2835,5335,6894,45459
IND,2024-04-15 14:49:25,208934,148738,2994,5337,8230,45301
IND,2024-04-15 15:48:53,209661,153748,3189,5327,10746,38573
IND,2024-04-15 16:47:26,205463,159098,4341,5317,11713,26422
IND,2024-04-15 17:51:41,198167,160925,5046,5348,13566,15244
IND,2024-04-15 18:49:26,201041,164249,5970,5341,18255,8804
IND,2024-04-15 19:48:33,208122,167898,6043,5351,21141,8430
IND,2024-04-15 20:49:05,204662,167747,5901,5353,17936,8866
IND,2024-04-15 21:50:21,207150,168399,5750,5347,19359,8698
IND,2024-04-15 22:47:45,208581,168277,6089,5364,20200,8188
IND,2024-04-15 23:50:16,205545,169025,5819,5364,18091,7311
IND,2024-04-16 00:47:02,201022,167680,5326,5379,15743,7407
IND,2024-04-16 01:49:10,195898,166086,4986,5376,12541,7289
IND,2024-04-16 02:48:46,191961,164430,4128,5370,11994,6958
IND,2024-04-16 03:48:43,189418,163888,3720,5378,11051,6320
IND,2024-04-16 04:49:13,189116,165285,3667,5392,10821,5353
IND,2024-04-16 05:54:52,194022,167395,4415,5375,12726,4906
IND,2024-04-16 07:05:19,195749,164746,4418,5411,14042,8541
IND,2024-04-16 07:51:07,195363,158936,3742,5664,10927,17641
IND,2024-04-16 08:49:56,200695,152003,3831,5698,10344,30371
IND,2024-04-16 09:50:05,209192,149746,3649,5747,10100,42218
IND,2024-04-16 10:49:30,210843,142813,3643,5736,9445,50628
IND,2024-04-16 11:50:30,210112,139905,3668,5731,9487,52954
IND,2024-04-16 12:50:02,207594,137389,3714,5769,9352,52940
IND,2024-04-16 13:50:13,205123,136506,3747,5764,9231,51467
IND,2024-04-16 14:49:06,210491,144934,3934,5772,10404,47181
IND,2024-04-16 15:49:44,211202,152958,4549,5793,10638,38880
IND,2024-04-16 16:47:15,206072,158907,5164,5781,10850,27183
IND,2024-04-16 17:51:36,198969,162965,5582,5806,13742,12172
IND,2024-04-16 18:49:53,204292,168453,6314,5808,19660,4965
IND,2024-04-16 19:49:25,211117,171151,6877,5811,22475,5382
IND,2024-04-16 20:49:19,208423,170017,6552,5824,19823,6355
IND,2024-04-16 21:50:36,210984,170773,6905,5856,20446,7082
IND,2024-04-16 22:49:12,214253,172398,7535,5879,21314,7156
IND,2024-04-16 23:49:54,210606,172048,7567,5867,18775,6521
IND,2024-04-17 00:46:39,206883,172082,7493,5930,15948,6015
IND,2024-04-17 01:49:25,200807,168753,6529,5923,14648,5820
IND,2024-04-17 02:48:08,195714,167862,5654,5966,11550,5621
IND,2024-04-17 03:49:36,193008,166304,4705,5983,10886,5731
IND,2024-04-17 04:49:54,192705,167018,4688,5969,10133,5558
IND,2024-04-17 05:55:22,195961,168714,5156,5968,12247,4474
IND,2024-04-17 07:04:42,198065,166108,5057,5977,12720,9099
IND,2024-04-17 07:51:47,198289,160166,4677,5971,10486,17364
IND,2024-04-17 08:49:41,202326,152553,4552,5967,9956,29773
IND,2024-04-17 09:50:18,209609,149796,4572,5962,9933,39842
IND,2024-04-17 10:49:26,210370,145588,4548,5983,9366,45602
IND,2024-04-17 11:50:55,209670,142699,4562,5988,9565,47476
IND,2024-04-17 12:49:05,205118,139618,4551,5978,9306,46579
IND,2024-04-17 13:50:18,203157,139261,4678,5975,9147,44842
IND,2024-04-17 14:49:28,207819,148933,4907,5981,10311,38293
IND,2024-04-17 15:49:45,206924,156312,5648,6026,10940,29037
IND,2024-04-17 16:47:46,202124,158595,6357,6028,9705,22632
IND,2024-04-17 17:51:28,194927,158535,6741,6025,11370,13173
IND,2024-04-17 18:49:45,200282,162607,7826,6044,15884,9223
IND,2024-04-17 19:48:55,206782,166367,7653,6073,19100,7776
IND,2024-04-17 20:49:52,204153,165954,7659,6068,17343,7203
IND,2024-04-17 21:51:04,207730,168505,8058,6082,18056,6513
IND,2024-04-17 22:48:27,212064,170406,8663,6092,19947,6211
IND,2024-04-17 23:50:45,210630,170945,8478,6083,17644,6755
IND,2024-04-18 00:46:05,206444,169744,7033,6095,16543,6287
IND,2024-04-18 01:50:00,201140,167975,6785,6111,13408,6656
IND,2024-04-18 02:48:52,196282,166699,6304,6117,11301,6362
IND,2024-04-18 03:49:13,192792,164588,5578,6128,10932,5945
IND,2024-04-18 04:49:41,193253,166349,5201,6122,10987,5279
IND,2024-04-18 05:55:09,197024,168374,5491,6125,12592,4438
IND,2024-04-18 07:04:25,198785,166558,4698,6138,13077,8647
